word,parent_word
অস্ততে,অস্তা
অস্তলে,অস্তা
অস্তা,অস্তা
অস্তাইতে,অস্তানো
অস্তাইলে,অস্তানো
অস্তাইয়া,অস্তানো
অস্তাতে,অস্তানো
অস্তানো,অস্তানো
অস্তালে,অস্তানো
অস্তিয়া,অস্তা
অস্তিয়ে,অস্তানো
অস্তে,অস্তা
আঁকতে,আঁকা
আঁকলে,আঁকা
আঁকা,আঁকা
আঁকিয়া,আঁকা
আঁচড়াইতে,আঁচড়ানো
আঁচড়াইলে,আঁচড়ানো
আঁচড়াইয়া,আঁচড়ানো
আঁচড়াতে,আঁচড়ানো
আঁচড়ানো,আঁচড়ানো
আঁচড়ালে,আঁচড়ানো
আঁচড়িয়ে,আঁচড়ানো
আঁটতে,আঁটা
আঁটলে,আঁটা
আঁটা,আঁটা
আঁটিয়া,আঁটা
আইসাইতে,আইসানো
আইসাইলে,আইসানো
আইসাইয়া,আইসানো
আইসাতে,আইসানো
আইসানো,আইসানো
আইসালে,আইসানো
আইসিয়ে,আইসানো
আউটতে,আউটা
আউটলে,আউটা
আউটা,আউটা
আউটাইতে,আউটানো
আউটাইলে,আউটানো
আউটাইয়া,আউটানো
আউটাতে,আউটানো
আউটানো,আউটানো
আউটালে,আউটানো
আউটিয়া,আউটা
আউটিয়ে,আউটানো
আউটে,আউটা
আউরতে,আউরা
আউরলে,আউরা
আউরা,আউরা
আউরাইতে,আউরানো
আউরাইলে,আউরানো
আউরাইয়া,আউরানো
আউরাতে,আউরানো
আউরানো,আউরানো
আউরালে,আউরানো
আউরিয়া,আউরা
আউরিয়ে,আউরানো
আউরে,আউরা
আউলাইতে,আউলানো
আউলাইলে,আউলানো
আউলাইয়া,আউলানো
আউলাতে,আউলানো
আউলানো,আউলানো
আউলালে,আউলানো
আউলিয়ে,আউলানো
আওটতে,আওটা
আওটলে,আওটা
আওটা,আওটা
আওটাইতে,আওটানো
আওটাইলে,আওটানো
আওটাইয়া,আওটানো
আওটাতে,আওটানো
আওটানো,আওটানো
আওটালে,আওটানো
আওটিয়া,আওটা
আওটিয়ে,আওটানো
আওটে,আওটা
আওড়াইতে,আওড়ানো
আওড়াইলে,আওড়ানো
আওড়াইয়া,আওড়ানো
আওড়াতে,আওড়ানো
আওড়ানো,আওড়ানো
আওড়ালে,আওড়ানো
আওড়িয়ে,আওড়ানো
আকতে,আকা
আকলে,আকা
আকা,আকা
আকিয়া,আকা
আগলাইতে,আগলানো
আগলাইলে,আগলানো
আগলাইয়া,আগলানো
আগলাতে,আগলানো
আগলানো,আগলানো
আগলালে,আগলানো
আগলিয়ে,আগলানো
আগাইতে,আগানো
আগাইলে,আগানো
আগাইয়া,আগানো
আগাতে,আগানো
আগানো,আগানো
আগালে,আগানো
আগিয়ে,আগানো
আঙলাইতে,আঙলানো
আঙলাইলে,আঙলানো
আঙলাইয়া,আঙলানো
আঙলাতে,আঙলানো
আঙলানো,আঙলানো
আঙলালে,আঙলানো
আঙলিয়ে,আঙলানো
আচড়াইতে,আচড়ানো
আচড়াইলে,আচড়ানো
আচড়াইয়া,আচড়ানো
আচড়াতে,আচড়ানো
আচড়ানো,আচড়ানো
আচড়ালে,আচড়ানো
আচড়িয়ে,আচড়ানো
আছড়াইতে,আছড়ানো
আছড়াইলে,আছড়ানো
আছড়াইয়া,আছড়ানো
আছড়াতে,আছড়ানো
আছড়ানো,আছড়ানো
আছড়ালে,আছড়ানো
আছড়িয়ে,আছড়ানো
আটকাইতে,আটকানো
আটকাইলে,আটকানো
আটকাইয়া,আটকানো
আটকাতে,আটকানো
আটকানো,আটকানো
আটকালে,আটকানো
আটকিয়ে,আটকানো
আটতে,আটা
আটলে,আটা
আটা,আটা
আটিয়া,আটা
আনতে,আনা
আনলে,আনা
আনা,আনা
আনাইতে,আনানো
আনাইলে,আনানো
আনাইয়া,আনানো
আনাতে,আনানো
আনানো,আনানো
আনালে,আনানো
আনিয়া,আনা
আনিয়ে,আনানো
আলগাইতে,আলগানো
আলগাইলে,আলগানো
আলগাইয়া,আলগানো
আলগাতে,আলগানো
আলগানো,আলগানো
আলগালে,আলগানো
আলগিয়ে,আলগানো
আলাইতে,আলানো
আলাইলে,আলানো
আলাইয়া,আলানো
আলাতে,আলানো
আলানো,আলানো
আলালে,আলানো
আলিয়ে,আলানো
আসতে,আসা
আসলে,আসা
আসা,আসা
আসিয়া,আসা
উঁচলাইতে,উঁচলানো
উঁচলাইলে,উঁচলানো
উঁচলাইয়া,উঁচলানো
উঁচলাতে,উঁচলানো
উঁচলানো,উঁচলানো
উঁচলালে,উঁচলানো
উঁচলিয়ে,উঁচলানো
উঁচাইতে,উঁচানো
উঁচাইলে,উঁচানো
উঁচাইয়া,উঁচানো
উঁচাতে,উঁচানো
উঁচানো,উঁচানো
উঁচালে,উঁচানো
উঁচিয়ে,উঁচানো
উখড়াইতে,উখড়ানো
উখড়াইলে,উখড়ানো
উখড়াইয়া,উখড়ানো
উখড়াতে,উখড়ানো
উখড়ানো,উখড়ানো
উখড়ালে,উখড়ানো
উখড়িয়ে,উখড়ানো
উগরাইতে,উগরানো
উগরাইলে,উগরানো
উগরাইয়া,উগরানো
উগরাতে,উগরানো
উগরানো,উগরানো
উগরালে,উগরানো
উগরিয়ে,উগরানো
উচলাইতে,উচলানো
উচলাইলে,উচলানো
উচলাইয়া,উচলানো
উচলাতে,উচলানো
উচলানো,উচলানো
উচলালে,উচলানো
উচলিয়ে,উচলানো
উচাইতে,উচানো
উচাইলে,উচানো
উচাইয়া,উচানো
উচাতে,উচানো
উচানো,উচানো
উচালে,উচানো
উচিয়ে,উচানো
উছলাইতে,উছলানো
উছলাইলে,উছলানো
উছলাইয়া,উছলানো
উছলাতে,উছলানো
উছলানো,উছলানো
উছলালে,উছলানো
উছলিয়ে,উছলানো
উজাইতে,উজানো
উজাইলে,উজানো
উজাইয়া,উজানো
উজাতে,উজানো
উজানো,উজানো
উজালে,উজানো
উজিয়ে,উজানো
উঠতে,ওঠা
উঠলে,ওঠা
উঠাইতে,উঠানো
উঠাইলে,উঠানো
উঠাইয়া,উঠানো
উঠাতে,উঠানো
উঠানো,উঠানো
উঠালে,উঠানো
উঠিয়া,ওঠা
উঠিয়ে,উঠানো
উঠে,ওঠা
উতরাইতে,উতরানো
উতরাইলে,উতরানো
উতরাইয়া,উতরানো
উতরাতে,উতরানো
উতরানো,উতরানো
উতরালে,উতরানো
উতরিয়ে,উতরানো
উথলতে,উথলা
উথললে,উথলা
উথলা,উথলা
উথলাইতে,উথলানো
উথলাইলে,উথলানো
উথলাইয়া,উথলানো
উথলাতে,উথলানো
উথলানো,উথলানো
উথলালে,উথলানো
উথলিয়া,উথলা
উথলিয়ে,উথলানো
উথলে,উথলা
উপচাইতে,উপচানো
উপচাইলে,উপচানো
উপচাইয়া,উপচানো
উপচাতে,উপচানো
উপচানো,উপচানো
উপচালে,উপচানো
উপচিয়ে,উপচানো
উপড়াইতে,উপড়ানো
উপড়াইলে,উপড়ানো
উপড়াইয়া,উপড়ানো
উপড়াতে,উপড়ানো
উপড়ানো,উপড়ানো
উপড়ালে,উপড়ানো
উপড়িয়ে,উপড়ানো
উবাইতে,উবানো
উবাইলে,উবানো
উবাইয়া,উবানো
উবাতে,উবানো
উবানো,উবানো
উবালে,উবানো
উবিয়ে,উবানো
উলটতে,উলটা
উলটলে,উলটা
উলটা,উলটা
উলটাইতে,উলটানো
উলটাইলে,উলটানো
উলটাইয়া,উলটানো
উলটাতে,উলটানো
উলটানো,উলটানো
উলটালে,উলটানো
উলটিয়া,উলটা
উলটিয়ে,উলটানো
উলটে,উলটা
উসকাইতে,উসকানো
উসকাইলে,উসকানো
উসকাইয়া,উসকানো
উসকাতে,উসকানো
উসকানো,উসকানো
উসকালে,উসকানো
উসকিয়ে,উসকানো
উড়তে,ওড়া
উড়লে,ওড়া
উড়িয়া,ওড়া
উড়ে,ওড়া
এঁকে,আঁকা
এঁটে,আঁটা
একে,আকা
এটে,আটা
এনে,আনা
এলতে,এলা
এললে,এলা
এলা,এলা
এলাইতে,এলানো
এলাইলে,এলানো
এলাইয়া,এলানো
এলাতে,এলানো
এলানো,এলানো
এলালে,এলানো
এলিয়া,এলা
এলিয়ে,এলানো
এসে,আসা
এড়তে,এড়া
এড়লে,এড়া
এড়া,এড়া
এড়াইতে,এড়ানো
এড়াইলে,এড়ানো
এড়াইয়া,এড়ানো
এড়াতে,এড়ানো
এড়ানো,এড়ানো
এড়ালে,এড়ানো
এড়িয়া,এড়া
এড়িয়ে,এড়ানো
ওঁচাইতে,ওঁচানো
ওঁচাইলে,ওঁচানো
ওঁচাইয়া,ওঁচানো
ওঁচাতে,ওঁচানো
ওঁচানো,ওঁচানো
ওঁচালে,ওঁচানো
ওঁচিয়ে,ওঁচানো
ওখরাইতে,ওখরানো
ওখরাইলে,ওখরানো
ওখরাইয়া,ওখরানো
ওখরাতে,ওখরানো
ওখরানো,ওখরানো
ওখরালে,ওখরানো
ওখরিয়ে,ওখরানো
ওখড়তে,ওখড়া
ওখড়লে,ওখড়া
ওখড়া,ওখড়া
ওখড়িয়া,ওখড়া
ওখড়ে,ওখড়া
ওগরতে,ওগরা
ওগরলে,ওগরা
ওগরা,ওগরা
ওগরাইতে,ওগরানো
ওগরাইলে,ওগরানো
ওগরাইয়া,ওগরানো
ওগরাতে,ওগরানো
ওগরানো,ওগরানো
ওগরালে,ওগরানো
ওগরিয়া,ওগরা
ওগরিয়ে,ওগরানো
ওগরে,ওগরা
ওচাইতে,ওচানো
ওচাইলে,ওচানো
ওচাইয়া,ওচানো
ওচাতে,ওচানো
ওচানো,ওচানো
ওচালে,ওচানো
ওচিয়ে,ওচানো
ওঠা,ওঠা
ওঠাইতে,ওঠানো
ওঠাইলে,ওঠানো
ওঠাইয়া,ওঠানো
ওঠাতে,ওঠানো
ওঠানো,ওঠানো
ওঠালে,ওঠানো
ওঠিয়ে,ওঠানো
ওলটাইতে,ওলটানো
ওলটাইলে,ওলটানো
ওলটাইয়া,ওলটানো
ওলটাতে,ওলটানো
ওলটানো,ওলটানো
ওলটালে,ওলটানো
ওলটিয়ে,ওলটানো
ওল্টাইতে,ওল্টানো
ওল্টাইলে,ওল্টানো
ওল্টাইয়া,ওল্টানো
ওল্টাতে,ওল্টানো
ওল্টানো,ওল্টানো
ওল্টালে,ওল্টানো
ওল্টিয়ে,ওল্টানো
ওড়া,ওড়া
ওড়াইতে,ওড়ানো
ওড়াইলে,ওড়ানো
ওড়াইয়া,ওড়ানো
ওড়াতে,ওড়ানো
ওড়ানো,ওড়ানো
ওড়ালে,ওড়ানো
ওড়িয়ে,ওড়ানো
কইতে,কওয়া
কইলে,কওয়া
কইয়া,কওয়া
কওয়া,কওয়া
কচলাইতে,কচলানো
কচলাইলে,কচলানো
কচলাইয়া,কচলানো
কচলাতে,কচলানো
কচলানো,কচলানো
কচলালে,কচলানো
কচলিয়ে,কচলানো
করতে,করা
করলে,করা
করা,করা
করাইতে,করানো
করাইলে,করানো
করাইয়া,করানো
করাতে,করানো
করানো,করানো
করালে,করানো
করিয়া,করা
করিয়ে,করানো
করে,করা
কশাইতে,কশানো
কশাইলে,কশানো
কশাইয়া,কশানো
কশাতে,কশানো
কশানো,কশানো
কশালে,কশানো
কশিয়ে,কশানো
কষাইতে,কষানো
কষাইলে,কষানো
কষাইয়া,কষানো
কষাতে,কষানো
কষানো,কষানো
কষালে,কষানো
কষিয়ে,কষানো
কসতে,কসা
কসলে,কসা
কসা,কসা
কসিয়া,কসা
কসে,কসা
কাঁদতে,কাঁদা
কাঁদলে,কাঁদা
কাঁদা,কাঁদা
কাঁদাইতে,কাঁদানো
কাঁদাইলে,কাঁদানো
কাঁদাইয়া,কাঁদানো
কাঁদাতে,কাঁদানো
কাঁদানো,কাঁদানো
কাঁদালে,কাঁদানো
কাঁদিয়া,কাঁদা
কাঁদিয়ে,কাঁদানো
কাঁপতে,কাঁপা
কাঁপলে,কাঁপা
কাঁপা,কাঁপা
কাঁপাইতে,কাঁপানো
কাঁপাইলে,কাঁপানো
কাঁপাইয়া,কাঁপানো
কাঁপাতে,কাঁপানো
কাঁপানো,কাঁপানো
কাঁপালে,কাঁপানো
কাঁপিয়া,কাঁপা
কাঁপিয়ে,কাঁপানো
কাঁড়তে,কাঁড়া
কাঁড়লে,কাঁড়া
কাঁড়া,কাঁড়া
কাঁড়াইতে,কাঁড়ানো
কাঁড়াইলে,কাঁড়ানো
কাঁড়াইয়া,কাঁড়ানো
কাঁড়াতে,কাঁড়ানো
কাঁড়ানো,কাঁড়ানো
কাঁড়ালে,কাঁড়ানো
কাঁড়িয়া,কাঁড়া
কাঁড়িয়ে,কাঁড়ানো
কাচতে,কাচা
কাচলে,কাচা
কাচা,কাচা
কাচিয়া,কাচা
কাটতে,কাটা
কাটলে,কাটা
কাটা,কাটা
কাটাইতে,কাটানো
কাটাইলে,কাটানো
কাটাইয়া,কাটানো
কাটাতে,কাটানো
কাটানো,কাটানো
কাটালে,কাটানো
কাটিয়া,কাটা
কাটিয়ে,কাটানো
কাদতে,কাদা
কাদলে,কাদা
কাদা,কাদা
কাদাইতে,কাদানো
কাদাইলে,কাদানো
কাদাইয়া,কাদানো
কাদাতে,কাদানো
কাদানো,কাদানো
কাদালে,কাদানো
কাদিয়া,কাদা
কাদিয়ে,কাদানো
কাপতে,কাপা
কাপলে,কাপা
কাপা,কাপা
কাপাইতে,কাপানো
কাপাইলে,কাপানো
কাপাইয়া,কাপানো
কাপাতে,কাপানো
কাপানো,কাপানো
কাপালে,কাপানো
কাপিয়া,কাপা
কাপিয়ে,কাপানো
কামতে,কামা
কামলে,কামা
কামা,কামা
কামাইতে,কামানো
কামাইলে,কামানো
কামাইয়া,কামানো
কামাতে,কামানো
কামানো,কামানো
কামালে,কামানো
কামিয়া,কামা
কামিয়ে,কামানো
কামড়াইতে,কামড়ানো
কামড়াইলে,কামড়ানো
কামড়াইয়া,কামড়ানো
কামড়াতে,কামড়ানো
কামড়ানো,কামড়ানো
কামড়ালে,কামড়ানো
কামড়িয়ে,কামড়ানো
কাশতে,কাশা
কাশলে,কাশা
কাশা,কাশা
কাশাইতে,কাশানো
কাশাইলে,কাশানো
কাশাইয়া,কাশানো
কাশাতে,কাশানো
কাশানো,কাশানো
কাশালে,কাশানো
কাশিয়া,কাশা
কাশিয়ে,কাশানো
কাড়তে,কাড়া
কাড়লে,কাড়া
কাড়া,কাড়া
কাড়াইতে,কাড়ানো
কাড়াইলে,কাড়ানো
কাড়াইয়া,কাড়ানো
কাড়াতে,কাড়ানো
কাড়ানো,কাড়ানো
কাড়ালে,কাড়ানো
কাড়িয়া,কাড়া
কাড়িয়ে,কাড়ানো
কিনতে,কিনা
কিনতে,কেনা
কিনলে,কিনা
কিনলে,কেনা
কিনা,কিনা
কিনাইতে,কিনানো
কিনাইলে,কিনানো
কিনাইয়া,কিনানো
কিনাতে,কিনানো
কিনানো,কিনানো
কিনালে,কিনানো
কিনিয়া,কিনা
কিনিয়া,কেনা
কিনিয়ে,কিনানো
কিনে,কিনা
কিনে,কেনা
কুঁকড়াইতে,কুঁকড়ানো
কুঁকড়াইলে,কুঁকড়ানো
কুঁকড়াইয়া,কুঁকড়ানো
কুঁকড়াতে,কুঁকড়ানো
কুঁকড়ানো,কুঁকড়ানো
কুঁকড়ালে,কুঁকড়ানো
কুঁকড়িয়ে,কুঁকড়ানো
কুঁচকাইতে,কুঁচকানো
কুঁচকাইলে,কুঁচকানো
কুঁচকাইয়া,কুঁচকানো
কুঁচকাতে,কুঁচকানো
কুঁচকানো,কুঁচকানো
কুঁচকালে,কুঁচকানো
কুঁচকিয়ে,কুঁচকানো
কুকড়াইতে,কুকড়ানো
কুকড়াইলে,কুকড়ানো
কুকড়াইয়া,কুকড়ানো
কুকড়াতে,কুকড়ানো
কুকড়ানো,কুকড়ানো
কুকড়ালে,কুকড়ানো
কুকড়িয়ে,কুকড়ানো
কুচকাইতে,কুচকানো
কুচকাইলে,কুচকানো
কুচকাইয়া,কুচকানো
কুচকাতে,কুচকানো
কুচকানো,কুচকানো
কুচকালে,কুচকানো
কুচকিয়ে,কুচকানো
কুচতে,কুচা
কুচলে,কুচা
কুচা,কুচা
কুচাইতে,কুচানো
কুচাইলে,কুচানো
কুচাইয়া,কুচানো
কুচাতে,কুচানো
কুচানো,কুচানো
কুচালে,কুচানো
কুচিয়া,কুচা
কুচিয়ে,কুচানো
কুচে,কুচা
কুটতে,কোটা
কুটলে,কোটা
কুটিয়া,কোটা
কুটে,কোটা
কুরাইতে,কুরানো
কুরাইলে,কুরানো
কুরাইয়া,কুরানো
কুরাতে,কুরানো
কুরানো,কুরানো
কুরালে,কুরানো
কুরিয়ে,কুরানো
কুলাইতে,কুলানো
কুলাইলে,কুলানো
কুলাইয়া,কুলানো
কুলাতে,কুলানো
কুলানো,কুলানো
কুলালে,কুলানো
কুলিয়ে,কুলানো
কুড়াইতে,কুড়ানো
কুড়াইলে,কুড়ানো
কুড়াইয়া,কুড়ানো
কুড়াতে,কুড়ানো
কুড়ানো,কুড়ানো
কুড়ালে,কুড়ানো
কুড়িয়ে,কুড়ানো
কেঁদে,কাঁদা
কেঁপে,কাঁপা
কেঁড়ে,কাঁড়া
কেচে,কাচা
কেটে,কাটা
কেদে,কাদা
কেনা,কেনা
কেপে,কাপা
কেমে,কামা
কেশে,কাশা
কেড়ে,কাড়া
কোটা,কোটা
কোপাইতে,কোপানো
কোপাইলে,কোপানো
কোপাইয়া,কোপানো
কোপাতে,কোপানো
কোপানো,কোপানো
কোপালে,কোপানো
কোপিয়ে,কোপানো
কড়কাইতে,কড়কানো
কড়কাইলে,কড়কানো
কড়কাইয়া,কড়কানো
কড়কাতে,কড়কানো
কড়কানো,কড়কানো
কড়কালে,কড়কানো
কড়কিয়ে,কড়কানো
কয়ে,কওয়া
খন্ডাইতে,খন্ডানো
খন্ডাইলে,খন্ডানো
খন্ডাইয়া,খন্ডানো
খন্ডাতে,খন্ডানো
খন্ডানো,খন্ডানো
খন্ডালে,খন্ডানো
খন্ডিয়ে,খন্ডানো
খসতে,খসা
খসলে,খসা
খসা,খসা
খসাইতে,খসানো
খসাইলে,খসানো
খসাইয়া,খসানো
খসাতে,খসানো
খসানো,খসানো
খসালে,খসানো
খসিয়া,খসা
খসিয়ে,খসানো
খসে,খসা
খাইতে,খাওয়া
খাইলে,খাওয়া
খাইয়া,খাওয়া
খাওয়া,খাওয়া
খাওয়াইতে,খাওয়ানো
খাওয়াইলে,খাওয়ানো
খাওয়াইয়া,খাওয়ানো
খাওয়াতে,খাওয়ানো
খাওয়ানো,খাওয়ানো
খাওয়ালে,খাওয়ানো
খাওয়িয়ে,খাওয়ানো
খাটতে,খাটা
খাটলে,খাটা
খাটা,খাটা
খাটাইতে,খাটানো
খাটাইলে,খাটানো
খাটাইয়া,খাটানো
খাটাতে,খাটানো
খাটানো,খাটানো
খাটালে,খাটানো
খাটিয়া,খাটা
খাটিয়ে,খাটানো
খামচাইতে,খামচানো
খামচাইলে,খামচানো
খামচাইয়া,খামচানো
খামচাতে,খামচানো
খামচানো,খামচানো
খামচালে,খামচানো
খামচিয়ে,খামচানো
খায়াইতে,খায়ানো
খায়াইলে,খায়ানো
খায়াইয়া,খায়ানো
খায়াতে,খায়ানো
খায়ানো,খায়ানো
খায়ালে,খায়ানো
খিঁচাইতে,খিঁচানো
খিঁচাইলে,খিঁচানো
খিঁচাইয়া,খিঁচানো
খিঁচাতে,খিঁচানো
খিঁচানো,খিঁচানো
খিঁচালে,খিঁচানো
খিঁচিয়ে,খিঁচানো
খিচতে,খিচা
খিচলে,খিচা
খিচা,খিচা
খিচাইতে,খিচানো
খিচাইলে,খিচানো
খিচাইয়া,খিচানো
খিচাতে,খিচানো
খিচানো,খিচানো
খিচালে,খিচানো
খিচিয়া,খিচা
খিচিয়ে,খিচানো
খিচে,খিচা
খুঁজতে,খুঁজা
খুঁজতে,খোঁজা
খুঁজলে,খুঁজা
খুঁজলে,খোঁজা
খুঁজা,খুঁজা
খুঁজিয়া,খুঁজা
খুঁজিয়া,খোঁজা
খুঁজে,খুঁজা
খুঁজে,খোঁজা
খুঁটতে,খুঁটা
খুঁটলে,খুঁটা
খুঁটা,খুঁটা
খুঁটাইতে,খুঁটানো
খুঁটাইলে,খুঁটানো
খুঁটাইয়া,খুঁটানো
খুঁটাতে,খুঁটানো
খুঁটানো,খুঁটানো
খুঁটালে,খুঁটানো
খুঁটিয়া,খুঁটা
খুঁটিয়ে,খুঁটানো
খুঁটে,খুঁটা
খুইয়ে,খায়ানো
খুজতে,খুজা
খুজতে,খোজা
খুজলে,খুজা
খুজলে,খোজা
খুজা,খুজা
খুজিয়া,খুজা
খুজিয়া,খোজা
খুজে,খুজা
খুজে,খোজা
খুটতে,খুটা
খুটলে,খুটা
খুটা,খুটা
খুটাইতে,খুটানো
খুটাইলে,খুটানো
খুটাইয়া,খুটানো
খুটাতে,খুটানো
খুটানো,খুটানো
খুটালে,খুটানো
খুটিয়া,খুটা
খুটিয়ে,খুটানো
খুটে,খুটা
খুলতে,খুলা
খুলতে,খোলা
খুললে,খুলা
খুললে,খোলা
খুলা,খুলা
খুলাইতে,খুলানো
খুলাইলে,খুলানো
খুলাইয়া,খুলানো
খুলাতে,খুলানো
খুলানো,খুলানো
খুলালে,খুলানো
খুলিয়া,খুলা
খুলিয়া,খোলা
খুলিয়ে,খুলানো
খুলে,খুলা
খুলে,খোলা
খেঁচতে,খেঁচা
খেঁচলে,খেঁচা
খেঁচা,খেঁচা
খেঁচাইতে,খেঁচানো
খেঁচাইলে,খেঁচানো
খেঁচাইয়া,খেঁচানো
খেঁচাতে,খেঁচানো
খেঁচানো,খেঁচানো
খেঁচালে,খেঁচানো
খেঁচিয়া,খেঁচা
খেঁচিয়ে,খেঁচানো
খেঁচে,খেঁচা
খেচতে,খেচা
খেচলে,খেচা
খেচা,খেচা
খেচাইতে,খেচানো
খেচাইলে,খেচানো
খেচাইয়া,খেচানো
খেচাতে,খেচানো
খেচানো,খেচানো
খেচালে,খেচানো
খেচিয়া,খেচা
খেচিয়ে,খেচানো
খেচে,খেচা
খেটে,খাটা
খেতে,খাওয়া
খেদাইতে,খেদানো
খেদাইলে,খেদানো
খেদাইয়া,খেদানো
খেদাতে,খেদানো
খেদানো,খেদানো
খেদালে,খেদানো
খেদিয়ে,খেদানো
খেপতে,খেপা
খেপলে,খেপা
খেপা,খেপা
খেপাইতে,খেপানো
খেপাইলে,খেপানো
খেপাইয়া,খেপানো
খেপাতে,খেপানো
খেপানো,খেপানো
খেপালে,খেপানো
খেপিয়া,খেপা
খেপিয়ে,খেপানো
খেপে,খেপা
খেলতে,খেলা
খেললে,খেলা
খেলা,খেলা
খেলাইতে,খেলানো
খেলাইলে,খেলানো
খেলাইয়া,খেলানো
খেলাতে,খেলানো
খেলানো,খেলানো
খেলালে,খেলানো
খেলিয়া,খেলা
খেলিয়ে,খেলানো
খেলে,খাওয়া
খেলে,খেলা
খেয়ে,খাওয়া
খোঁজা,খোঁজা
খোঁজাইতে,খোঁজানো
খোঁজাইলে,খোঁজানো
খোঁজাইয়া,খোঁজানো
খোঁজাতে,খোঁজানো
খোঁজানো,খোঁজানো
খোঁজালে,খোঁজানো
খোঁজিয়ে,খোঁজানো
খোজা,খোজা
খোজাইতে,খোজানো
খোজাইলে,খোজানো
খোজাইয়া,খোজানো
খোজাতে,খোজানো
খোজানো,খোজানো
খোজালে,খোজানো
খোজিয়ে,খোজানো
খোলা,খোলা
গছতে,গছা
গছলে,গছা
গছা,গছা
গছাইতে,গছানো
গছাইলে,গছানো
গছাইয়া,গছানো
গছাতে,গছানো
গছানো,গছানো
গছালে,গছানো
গছিয়া,গছা
গছিয়ে,গছানো
গছে,গছা
গজতে,গজা
গজলে,গজা
গজা,গজা
গজাইতে,গজানো
গজাইলে,গজানো
গজাইয়া,গজানো
গজাতে,গজানো
গজানো,গজানো
গজালে,গজানো
গজিয়া,গজা
গজিয়ে,গজানো
গজে,গজা
গলাইতে,গলানো
গলাইলে,গলানো
গলাইয়া,গলানো
গলাতে,গলানো
গলানো,গলানো
গলালে,গলানো
গলিয়ে,গলানো
গাঁথতে,গাঁথা
গাঁথলে,গাঁথা
গাঁথা,গাঁথা
গাঁথিয়া,গাঁথা
গাইতে,গাওয়া
গাইলে,গাওয়া
গাইয়া,গাওয়া
গাওয়া,গাওয়া
গাঙাইতে,গাঙানো
গাঙাইলে,গাঙানো
গাঙাইয়া,গাঙানো
গাঙাতে,গাঙানো
গাঙানো,গাঙানো
গাঙালে,গাঙানো
গাছাইতে,গাছানো
গাছাইলে,গাছানো
গাছাইয়া,গাছানো
গাছাতে,গাছানো
গাছানো,গাছানো
গাছালে,গাছানো
গাটাইতে,গাটানো
গাটাইলে,গাটানো
গাটাইয়া,গাটানো
গাটাতে,গাটানো
গাটানো,গাটানো
গাটালে,গাটানো
গাথতে,গাথা
গাথলে,গাথা
গাথা,গাথা
গাথিয়া,গাথা
গানা,গানা
গাড়তে,গাড়া
গাড়লে,গাড়া
গাড়া,গাড়া
গাড়িয়া,গাড়া
গিলতে,গেলা
গিললে,গেলা
গিলিয়া,গেলা
গিলে,গেলা
গিয়ে,যাওয়া
গুঁজতে,গুঁজা
গুঁজলে,গুঁজা
গুঁজা,গুঁজা
গুঁজিয়া,গুঁজা
গুঁজে,গুঁজা
গুঁততে,গুঁতা
গুঁতলে,গুঁতা
গুঁতা,গুঁতা
গুঁতাইতে,গুঁতানো
গুঁতাইলে,গুঁতানো
গুঁতাইয়া,গুঁতানো
গুঁতাতে,গুঁতানো
গুঁতানো,গুঁতানো
গুঁতালে,গুঁতানো
গুঁতিয়া,গুঁতা
গুঁতিয়ে,গুঁতানো
গুঁতে,গুঁতা
গুঁড়তে,গুঁড়া
গুঁড়লে,গুঁড়া
গুঁড়া,গুঁড়া
গুঁড়াইতে,গুঁড়ানো
গুঁড়াইলে,গুঁড়ানো
গুঁড়াইয়া,গুঁড়ানো
গুঁড়াতে,গুঁড়ানো
গুঁড়ানো,গুঁড়ানো
গুঁড়ালে,গুঁড়ানো
গুঁড়িয়া,গুঁড়া
গুঁড়িয়ে,গুঁড়ানো
গুঁড়ে,গুঁড়া
গুঙাইতে,গুঙানো
গুঙাইলে,গুঙানো
গুঙাইয়া,গুঙানো
গুঙাতে,গুঙানো
গুঙানো,গুঙানো
গুঙালে,গুঙানো
গুঙিয়ে,গাঙানো
গুঙিয়ে,গুঙানো
গুছতে,গুছা
গুছলে,গুছা
গুছা,গুছা
গুছাইতে,গুছানো
গুছাইলে,গুছানো
গুছাইয়া,গুছানো
গুছাতে,গুছানো
গুছানো,গুছানো
গুছালে,গুছানো
গুছিয়া,গুছা
গুছিয়ে,গাছানো
গুছিয়ে,গুছানো
গুছে,গুছা
গুজতে,গুজা
গুজরাইতে,গুজরানো
গুজরাইলে,গুজরানো
গুজরাইয়া,গুজরানো
গুজরাতে,গুজরানো
গুজরানো,গুজরানো
গুজরালে,গুজরানো
গুজরিয়ে,গুজরানো
গুজলে,গুজা
গুজা,গুজা
গুজিয়া,গুজা
গুজে,গুজা
গুটতে,গুটা
গুটলে,গুটা
গুটা,গুটা
গুটাইতে,গুটানো
গুটাইলে,গুটানো
গুটাইয়া,গুটানো
গুটাতে,গুটানো
গুটানো,গুটানো
গুটালে,গুটানো
গুটিয়া,গুটা
গুটিয়ে,গাটানো
গুটিয়ে,গুটানো
গুটে,গুটা
গুততে,গুতা
গুতলে,গুতা
গুতা,গুতা
গুতিয়া,গুতা
গুতে,গুতা
গুনতে,গানা
গুনতে,গুনা
গুনলে,গানা
গুনলে,গুনা
গুনা,গুনা
গুনাইতে,গুনানো
গুনাইলে,গুনানো
গুনাইয়া,গুনানো
গুনাতে,গুনানো
গুনানো,গুনানো
গুনালে,গুনানো
গুনিয়া,গানা
গুনিয়া,গুনা
গুনিয়ে,গুনানো
গুনে,গানা
গুনে,গুনা
গুলাইতে,গুলানো
গুলাইলে,গুলানো
গুলাইয়া,গুলানো
গুলাতে,গুলানো
গুলানো,গুলানো
গুলালে,গুলানো
গুলিয়ে,গুলানো
গুড়তে,গুড়া
গুড়লে,গুড়া
গুড়া,গুড়া
গুড়াইতে,গুড়ানো
গুড়াইলে,গুড়ানো
গুড়াইয়া,গুড়ানো
গুড়াতে,গুড়ানো
গুড়ানো,গুড়ানো
গুড়ালে,গুড়ানো
গুড়িয়া,গুড়া
গুড়িয়ে,গুড়ানো
গুড়ে,গুড়া
গে,যাওয়া
গেঁথে,গাঁথা
গেতে,গাওয়া
গেথে,গাথা
গেলা,গেলা
গেলাইতে,গেলানো
গেলাইলে,গেলানো
গেলাইয়া,গেলানো
গেলাতে,গেলানো
গেলানো,গেলানো
গেলালে,গেলানো
গেলিয়ে,গেলানো
গেলে,গাওয়া
গেলে,যাওয়া
গেড়ে,গাড়া
গেয়ে,গাওয়া
গড়তে,গড়া
গড়লে,গড়া
গড়া,গড়া
গড়াইতে,গড়ানো
গড়াইলে,গড়ানো
গড়াইয়া,গড়ানো
গড়াতে,গড়ানো
গড়ানো,গড়ানো
গড়ালে,গড়ানো
গড়িয়া,গড়া
গড়িয়ে,গড়ানো
গড়ে,গড়া
ঘটাইতে,ঘটানো
ঘটাইলে,ঘটানো
ঘটাইয়া,ঘটানো
ঘটাতে,ঘটানো
ঘটানো,ঘটানো
ঘটালে,ঘটানো
ঘটিয়ে,ঘটানো
ঘনাইতে,ঘনানো
ঘনাইলে,ঘনানো
ঘনাইয়া,ঘনানো
ঘনাতে,ঘনানো
ঘনানো,ঘনানো
ঘনালে,ঘনানো
ঘনিয়ে,ঘনানো
ঘবড়তে,ঘবড়া
ঘবড়লে,ঘবড়া
ঘবড়া,ঘবড়া
ঘবড়িয়া,ঘবড়া
ঘবড়ে,ঘবড়া
ঘষতে,ঘষা
ঘষলে,ঘষা
ঘষা,ঘষা
ঘষাইতে,ঘষানো
ঘষাইলে,ঘষানো
ঘষাইয়া,ঘষানো
ঘষাতে,ঘষানো
ঘষানো,ঘষানো
ঘষালে,ঘষানো
ঘষিয়া,ঘষা
ঘষিয়ে,ঘষানো
ঘষে,ঘষা
ঘাঁটতে,ঘাঁটা
ঘাঁটলে,ঘাঁটা
ঘাঁটা,ঘাঁটা
ঘাঁটিয়া,ঘাঁটা
ঘাটতে,ঘাটা
ঘাটলে,ঘাটা
ঘাটা,ঘাটা
ঘাটিয়া,ঘাটা
ঘাবড়াইতে,ঘাবড়ানো
ঘাবড়াইলে,ঘাবড়ানো
ঘাবড়াইয়া,ঘাবড়ানো
ঘাবড়াতে,ঘাবড়ানো
ঘাবড়ানো,ঘাবড়ানো
ঘাবড়ালে,ঘাবড়ানো
ঘাবড়িয়ে,ঘাবড়ানো
ঘারা,ঘারা
ঘালাইতে,ঘালানো
ঘালাইলে,ঘালানো
ঘালাইয়া,ঘালানো
ঘালাতে,ঘালানো
ঘালানো,ঘালানো
ঘালালে,ঘালানো
ঘিরতে,ঘিরা
ঘিরতে,ঘেরা
ঘিরলে,ঘিরা
ঘিরলে,ঘেরা
ঘিরা,ঘিরা
ঘিরাইতে,ঘিরানো
ঘিরাইলে,ঘিরানো
ঘিরাইয়া,ঘিরানো
ঘিরাতে,ঘিরানো
ঘিরানো,ঘিরানো
ঘিরালে,ঘিরানো
ঘিরিয়া,ঘিরা
ঘিরিয়া,ঘেরা
ঘিরিয়ে,ঘিরানো
ঘিরে,ঘিরা
ঘিরে,ঘেরা
ঘুচাইতে,ঘুচানো
ঘুচাইলে,ঘুচানো
ঘুচাইয়া,ঘুচানো
ঘুচাতে,ঘুচানো
ঘুচানো,ঘুচানো
ঘুচালে,ঘুচানো
ঘুচিয়ে,ঘুচানো
ঘুটতে,ঘুটা
ঘুটলে,ঘুটা
ঘুটা,ঘুটা
ঘুটাইতে,ঘুটানো
ঘুটাইলে,ঘুটানো
ঘুটাইয়া,ঘুটানো
ঘুটাতে,ঘুটানো
ঘুটানো,ঘুটানো
ঘুটালে,ঘুটানো
ঘুটিয়া,ঘুটা
ঘুটিয়ে,ঘুটানো
ঘুটে,ঘুটা
ঘুমাইতে,ঘুমানো
ঘুমাইলে,ঘুমানো
ঘুমাইয়া,ঘুমানো
ঘুমাতে,ঘুমানো
ঘুমানো,ঘুমানো
ঘুমালে,ঘুমানো
ঘুমিয়ে,ঘুমানো
ঘুরতে,ঘারা
ঘুরলে,ঘারা
ঘুরিয়া,ঘারা
ঘুরে,ঘারা
ঘুলতে,ঘুলা
ঘুললে,ঘুলা
ঘুলা,ঘুলা
ঘুলাইতে,ঘুলানো
ঘুলাইলে,ঘুলানো
ঘুলাইয়া,ঘুলানো
ঘুলাতে,ঘুলানো
ঘুলানো,ঘুলানো
ঘুলালে,ঘুলানো
ঘুলিয়া,ঘুলা
ঘুলিয়ে,ঘালানো
ঘুলিয়ে,ঘুলানো
ঘুলে,ঘুলা
ঘুষতে,ঘুষা
ঘুষলে,ঘুষা
ঘুষা,ঘুষা
ঘুষাইতে,ঘুষানো
ঘুষাইলে,ঘুষানো
ঘুষাইয়া,ঘুষানো
ঘুষাতে,ঘুষানো
ঘুষানো,ঘুষানো
ঘুষালে,ঘুষানো
ঘুষিয়া,ঘুষা
ঘুষিয়ে,ঘুষানো
ঘুষে,ঘুষা
ঘুড়তে,ঘুড়া
ঘুড়লে,ঘুড়া
ঘুড়া,ঘুড়া
ঘুড়াইতে,ঘুড়ানো
ঘুড়াইলে,ঘুড়ানো
ঘুড়াইয়া,ঘুড়ানো
ঘুড়াতে,ঘুড়ানো
ঘুড়ানো,ঘুড়ানো
ঘুড়ালে,ঘুড়ানো
ঘুড়িয়া,ঘুড়া
ঘুড়িয়ে,ঘুড়ানো
ঘুড়ে,ঘুড়া
ঘেঁটে,ঘাঁটা
ঘেটে,ঘাটা
ঘেরা,ঘেরা
ঘেষতে,ঘেষা
ঘেষলে,ঘেষা
ঘেষা,ঘেষা
ঘেষিয়া,ঘেষা
ঘেষে,ঘেষা
ঘ্যাঙাইতে,ঘ্যাঙানো
ঘ্যাঙাইলে,ঘ্যাঙানো
ঘ্যাঙাইয়া,ঘ্যাঙানো
ঘ্যাঙাতে,ঘ্যাঙানো
ঘ্যাঙানো,ঘ্যাঙানো
ঘ্যাঙালে,ঘ্যাঙানো
ঘ্যাঙিয়ে,ঘ্যাঙানো
চটকাইতে,চটকানো
চটকাইলে,চটকানো
চটকাইয়া,চটকানো
চটকাতে,চটকানো
চটকানো,চটকানো
চটকালে,চটকানো
চটকিয়ে,চটকানো
চটতে,চটা
চটলে,চটা
চটা,চটা
চটিয়া,চটা
চটে,চটা
চমকাইতে,চমকানো
চমকাইলে,চমকানো
চমকাইয়া,চমকানো
চমকাতে,চমকানো
চমকানো,চমকানো
চমকালে,চমকানো
চমকিয়ে,চমকানো
চরতে,চরা
চরলে,চরা
চরা,চরা
চরাইতে,চরানো
চরাইলে,চরানো
চরাইয়া,চরানো
চরাতে,চরানো
চরানো,চরানো
চরালে,চরানো
চরিয়া,চরা
চরিয়ে,চরানো
চরে,চরা
চলাইতে,চলানো
চলাইলে,চলানো
চলাইয়া,চলানো
চলাতে,চলানো
চলানো,চলানো
চলালে,চলানো
চলিয়ে,চলানো
চষতে,চষা
চষলে,চষা
চষা,চষা
চষাইতে,চষানো
চষাইলে,চষানো
চষাইয়া,চষানো
চষাতে,চষানো
চষানো,চষানো
চষালে,চষানো
চষিয়া,চষা
চষিয়ে,চষানো
চষে,চষা
চাঁছতে,চাঁছা
চাঁছলে,চাঁছা
চাঁছা,চাঁছা
চাঁছিয়া,চাঁছা
চাইতে,চাওয়া
চাইলে,চাওয়া
চাইয়া,চাওয়া
চাওয়া,চাওয়া
চাছতে,চাছা
চাছলে,চাছা
চাছা,চাছা
চাছিয়া,চাছা
চাটতে,চাটা
চাটলে,চাটা
চাটা,চাটা
চাটাইতে,চাটানো
চাটাইলে,চাটানো
চাটাইয়া,চাটানো
চাটাতে,চাটানো
চাটানো,চাটানো
চাটালে,চাটানো
চাটিয়া,চাটা
চাটিয়ে,চাটানো
চাপতে,চাপা
চাপলে,চাপা
চাপা,চাপা
চাপিয়া,চাপা
চাপড়াইতে,চাপড়ানো
চাপড়াইলে,চাপড়ানো
চাপড়াইয়া,চাপড়ানো
চাপড়াতে,চাপড়ানো
চাপড়ানো,চাপড়ানো
চাপড়ালে,চাপড়ানো
চাপড়িয়ে,চাপড়ানো
চাবকাইতে,চাবকানো
চাবকাইলে,চাবকানো
চাবকাইয়া,চাবকানো
চাবকাতে,চাবকানো
চাবকানো,চাবকানো
চাবকালে,চাবকানো
চাবকিয়ে,চাবকানো
চালাইতে,চালানো
চালাইলে,চালানো
চালাইয়া,চালানো
চালাতে,চালানো
চালানো,চালানো
চালালে,চালানো
চালিয়ে,চালানো
চাহতে,চাহা
চাহলে,চাহা
চাহা,চাহা
চাহিয়া,চাহা
চিনতে,চেনা
চিনলে,চেনা
চিনিয়া,চেনা
চিনে,চেনা
চিবতে,চিবা
চিবলে,চিবা
চিবা,চিবা
চিবাইতে,চিবানো
চিবাইলে,চিবানো
চিবাইয়া,চিবানো
চিবাতে,চিবানো
চিবানো,চিবানো
চিবালে,চিবানো
চিবিয়া,চিবা
চিবিয়ে,চিবানো
চিবে,চিবা
চুদতে,চুদা
চুদলে,চুদা
চুদা,চুদা
চুদাইতে,চুদানো
চুদাইলে,চুদানো
চুদাইয়া,চুদানো
চুদাতে,চুদানো
চুদানো,চুদানো
চুদালে,চুদানো
চুদিয়া,চুদা
চুদিয়ে,চুদানো
চুদে,চুদা
চুবতে,চুবা
চুবলে,চুবা
চুবা,চুবা
চুবাইতে,চুবানো
চুবাইলে,চুবানো
চুবাইয়া,চুবানো
চুবাতে,চুবানো
চুবানো,চুবানো
চুবালে,চুবানো
চুবিয়া,চুবা
চুবিয়ে,চুবানো
চুবে,চুবা
চেঁচাইতে,চেঁচানো
চেঁচাইলে,চেঁচানো
চেঁচাইয়া,চেঁচানো
চেঁচাতে,চেঁচানো
চেঁচানো,চেঁচানো
চেঁচালে,চেঁচানো
চেঁচিয়ে,চেঁচানো
চেঁছে,চাঁছা
চেচাইতে,চেচানো
চেচাইলে,চেচানো
চেচাইয়া,চেচানো
চেচাতে,চেচানো
চেচানো,চেচানো
চেচালে,চেচানো
চেচিয়ে,চেচানো
চেছে,চাছা
চেটে,চাটা
চেতে,চাওয়া
চেনা,চেনা
চেপে,চাপা
চেলে,চাওয়া
চেহে,চাহা
চড়তে,চড়া
চড়লে,চড়া
চড়া,চড়া
চড়াইতে,চড়ানো
চড়াইলে,চড়ানো
চড়াইয়া,চড়ানো
চড়াতে,চড়ানো
চড়ানো,চড়ানো
চড়ালে,চড়ানো
চড়িয়া,চড়া
চড়িয়ে,চড়ানো
চড়ে,চড়া
চয়ে,চাওয়া
ছটকাইতে,ছটকানো
ছটকাইলে,ছটকানো
ছটকাইয়া,ছটকানো
ছটকাতে,ছটকানো
ছটকানো,ছটকানো
ছটকালে,ছটকানো
ছটকিয়ে,ছটকানো
ছযাঁচড়াইতে,ছযাঁচড়ানো
ছযাঁচড়াইলে,ছযাঁচড়ানো
ছযাঁচড়াইয়া,ছযাঁচড়ানো
ছযাঁচড়াতে,ছযাঁচড়ানো
ছযাঁচড়ানো,ছযাঁচড়ানো
ছযাঁচড়ালে,ছযাঁচড়ানো
ছযাঁচড়িয়ে,ছযাঁচড়ানো
ছযাচড়াইতে,ছযাচড়ানো
ছযাচড়াইলে,ছযাচড়ানো
ছযাচড়াইয়া,ছযাচড়ানো
ছযাচড়াতে,ছযাচড়ানো
ছযাচড়ানো,ছযাচড়ানো
ছযাচড়ালে,ছযাচড়ানো
ছযাচড়িয়ে,ছযাচড়ানো
ছাঁটতে,ছাঁটা
ছাঁটলে,ছাঁটা
ছাঁটা,ছাঁটা
ছাঁটিয়া,ছাঁটা
ছাকতে,ছাকা
ছাকলে,ছাকা
ছাকা,ছাকা
ছাকাইতে,ছাকানো
ছাকাইলে,ছাকানো
ছাকাইয়া,ছাকানো
ছাকাতে,ছাকানো
ছাকানো,ছাকানো
ছাকালে,ছাকানো
ছাকিয়া,ছাকা
ছাকিয়ে,ছাকানো
ছাটতে,ছাটা
ছাটলে,ছাটা
ছাটা,ছাটা
ছাটাইতে,ছাটানো
ছাটাইলে,ছাটানো
ছাটাইয়া,ছাটানো
ছাটাতে,ছাটানো
ছাটানো,ছাটানো
ছাটালে,ছাটানো
ছাটিয়া,ছাটা
ছাপতে,ছাপা
ছাপলে,ছাপা
ছাপা,ছাপা
ছাপাইতে,ছাপানো
ছাপাইলে,ছাপানো
ছাপাইয়া,ছাপানো
ছাপাতে,ছাপানো
ছাপানো,ছাপানো
ছাপালে,ছাপানো
ছাপিয়া,ছাপা
ছাপিয়ে,ছাপানো
ছাড়তে,ছাড়া
ছাড়লে,ছাড়া
ছাড়া,ছাড়া
ছাড়াইতে,ছাড়ানো
ছাড়াইলে,ছাড়ানো
ছাড়াইয়া,ছাড়ানো
ছাড়াতে,ছাড়ানো
ছাড়ানো,ছাড়ানো
ছাড়ালে,ছাড়ানো
ছাড়িয়া,ছাড়া
ছাড়িয়ে,ছাড়ানো
ছিঁড়তে,ছিঁড়া
ছিঁড়তে,ছেঁড়া
ছিঁড়লে,ছিঁড়া
ছিঁড়লে,ছেঁড়া
ছিঁড়া,ছিঁড়া
ছিঁড়িয়া,ছিঁড়া
ছিঁড়িয়া,ছেঁড়া
ছিঁড়ে,ছিঁড়া
ছিঁড়ে,ছেঁড়া
ছিটতে,ছিটা
ছিটলে,ছিটা
ছিটা,ছিটা
ছিটাইতে,ছিটানো
ছিটাইলে,ছিটানো
ছিটাইয়া,ছিটানো
ছিটাতে,ছিটানো
ছিটানো,ছিটানো
ছিটালে,ছিটানো
ছিটিয়া,ছিটা
ছিটিয়ে,ছিটানো
ছিটে,ছিটা
ছিনতে,ছিনা
ছিনলে,ছিনা
ছিনা,ছিনা
ছিনাইতে,ছিনানো
ছিনাইলে,ছিনানো
ছিনাইয়া,ছিনানো
ছিনাতে,ছিনানো
ছিনানো,ছিনানো
ছিনালে,ছিনানো
ছিনিয়া,ছিনা
ছিনিয়ে,ছিনানো
ছিনে,ছিনা
ছিড়তে,ছিড়া
ছিড়তে,ছেড়া
ছিড়লে,ছিড়া
ছিড়লে,ছেড়া
ছিড়া,ছিড়া
ছিড়াইতে,ছিড়ানো
ছিড়াইলে,ছিড়ানো
ছিড়াইয়া,ছিড়ানো
ছিড়াতে,ছিড়ানো
ছিড়ানো,ছিড়ানো
ছিড়ালে,ছিড়ানো
ছিড়িয়া,ছিড়া
ছিড়িয়া,ছেড়া
ছিড়িয়ে,ছিড়ানো
ছিড়ে,ছিড়া
ছিড়ে,ছেড়া
ছুঁইয়া,ছোঁয়া
ছুঁতে,ছোঁয়া
ছুঁলে,ছোঁয়া
ছুঁয়ে,ছোঁয়া
ছুটতে,ছাটা
ছুটতে,ছুটা
ছুটলে,ছাটা
ছুটলে,ছুটা
ছুটা,ছুটা
ছুটাইতে,ছুটানো
ছুটাইলে,ছুটানো
ছুটাইয়া,ছুটানো
ছুটাতে,ছুটানো
ছুটানো,ছুটানো
ছুটালে,ছুটানো
ছুটিয়া,ছাটা
ছুটিয়া,ছুটা
ছুটিয়ে,ছাটানো
ছুটিয়ে,ছুটানো
ছুটে,ছাটা
ছুটে,ছুটা
ছুপিয়ে,ছাপানো
ছুড়তে,ছুড়া
ছুড়লে,ছুড়া
ছুড়া,ছুড়া
ছুড়িয়া,ছুড়া
ছুড়ে,ছুড়া
ছেঁকতে,ছেঁকা
ছেঁকলে,ছেঁকা
ছেঁকা,ছেঁকা
ছেঁকাইতে,ছেঁকানো
ছেঁকাইলে,ছেঁকানো
ছেঁকাইয়া,ছেঁকানো
ছেঁকাতে,ছেঁকানো
ছেঁকানো,ছেঁকানো
ছেঁকালে,ছেঁকানো
ছেঁকিয়া,ছেঁকা
ছেঁকিয়ে,ছেঁকানো
ছেঁকে,ছেঁকা
ছেঁটে,ছাঁটা
ছেঁড়া,ছেঁড়া
ছেকতে,ছেকা
ছেকলে,ছেকা
ছেকা,ছেকা
ছেকাইতে,ছেকানো
ছেকাইলে,ছেকানো
ছেকাইয়া,ছেকানো
ছেকাতে,ছেকানো
ছেকানো,ছেকানো
ছেকালে,ছেকানো
ছেকিয়া,ছেকা
ছেকিয়ে,ছেকানো
ছেকে,ছাকা
ছেকে,ছেকা
ছেটে,ছাটা
ছেতে,ছোওয়া
ছেপে,ছাপা
ছেলে,ছোওয়া
ছেড়া,ছেড়া
ছেড়ে,ছাড়া
ছোঁয়া,ছোঁয়া
ছোইতে,ছোওয়া
ছোইলে,ছোওয়া
ছোইয়া,ছোওয়া
ছোওয়া,ছোওয়া
ছোওয়াইতে,ছোওয়ানো
ছোওয়াইলে,ছোওয়ানো
ছোওয়াইয়া,ছোওয়ানো
ছোওয়াতে,ছোওয়ানো
ছোওয়ানো,ছোওয়ানো
ছোওয়ালে,ছোওয়ানো
ছোওয়িয়ে,ছোওয়ানো
ছড়াইতে,ছড়ানো
ছড়াইলে,ছড়ানো
ছড়াইয়া,ছড়ানো
ছড়াতে,ছড়ানো
ছড়ানো,ছড়ানো
ছড়ালে,ছড়ানো
ছড়িয়ে,ছড়ানো
ছয়ে,ছোওয়া
জপতে,জপা
জপলে,জপা
জপা,জপা
জপিয়া,জপা
জপে,জপা
জমাইতে,জমানো
জমাইলে,জমানো
জমাইয়া,জমানো
জমাতে,জমানো
জমানো,জমানো
জমালে,জমানো
জমিয়ে,জমানো
জরাইতে,জরানো
জরাইলে,জরানো
জরাইয়া,জরানো
জরাতে,জরানো
জরানো,জরানো
জরালে,জরানো
জরিয়ে,জরানো
জাগতে,জাগা
জাগলে,জাগা
জাগা,জাগা
জাগাইতে,জাগানো
জাগাইলে,জাগানো
জাগাইয়া,জাগানো
জাগাতে,জাগানো
জাগানো,জাগানো
জাগালে,জাগানো
জাগিয়া,জাগা
জাগিয়ে,জাগানো
জানতে,জানা
জানলে,জানা
জানা,জানা
জানাইতে,জানানো
জানাইলে,জানানো
জানাইয়া,জানানো
জানাতে,জানানো
জানানো,জানানো
জানালে,জানানো
জানিয়া,জানা
জানিয়ে,জানানো
জালাইতে,জালানো
জালাইলে,জালানো
জালাইয়া,জালানো
জালাতে,জালানো
জালানো,জালানো
জালালে,জালানো
জালিয়ে,জালানো
জিততে,জিতা
জিততে,জেতা
জিতলে,জিতা
জিতলে,জেতা
জিতা,জিতা
জিতাইতে,জিতানো
জিতাইলে,জিতানো
জিতাইয়া,জিতানো
জিতাতে,জিতানো
জিতানো,জিতানো
জিতালে,জিতানো
জিতিয়া,জিতা
জিতিয়া,জেতা
জিতিয়ে,জিতানো
জিতে,জিতা
জিতে,জেতা
জিরাইতে,জিরানো
জিরাইলে,জিরানো
জিরাইয়া,জিরানো
জিরাতে,জিরানো
জিরানো,জিরানো
জিরালে,জিরানো
জিরিয়ে,জিরানো
জুটতে,জুটা
জুটতে,জোটা
জুটলে,জুটা
জুটলে,জোটা
জুটা,জুটা
জুটাইতে,জুটানো
জুটাইলে,জুটানো
জুটাইয়া,জুটানো
জুটাতে,জুটানো
জুটানো,জুটানো
জুটালে,জুটানো
জুটিয়া,জুটা
জুটিয়া,জোটা
জুটিয়ে,জুটানো
জুটে,জুটা
জুটে,জোটা
জুড়তে,জুড়া
জুড়তে,জোড়া
জুড়লে,জুড়া
জুড়লে,জোড়া
জুড়া,জুড়া
জুড়াইতে,জুড়ানো
জুড়াইলে,জুড়ানো
জুড়াইয়া,জুড়ানো
জুড়াতে,জুড়ানো
জুড়ানো,জুড়ানো
জুড়ালে,জুড়ানো
জুড়িয়া,জুড়া
জুড়িয়া,জোড়া
জুড়িয়ে,জুড়ানো
জুড়ে,জুড়া
জুড়ে,জোড়া
জেগে,জাগা
জেতা,জেতা
জেতাইতে,জেতানো
জেতাইলে,জেতানো
জেতাইয়া,জেতানো
জেতাতে,জেতানো
জেতানো,জেতানো
জেতালে,জেতানো
জেতিয়ে,জেতানো
জেনে,জানা
জোগাইতে,জোগানো
জোগাইলে,জোগানো
জোগাইয়া,জোগানো
জোগাতে,জোগানো
জোগানো,জোগানো
জোগালে,জোগানো
জোগিয়ে,জোগানো
জোটা,জোটা
জোটাইতে,জোটানো
জোটাইলে,জোটানো
জোটাইয়া,জোটানো
জোটাতে,জোটানো
জোটানো,জোটানো
জোটালে,জোটানো
জোটিয়ে,জোটানো
জোড়া,জোড়া
জ্বালাইতে,জ্বালানো
জ্বালাইলে,জ্বালানো
জ্বালাইয়া,জ্বালানো
জ্বালাতে,জ্বালানো
জ্বালানো,জ্বালানো
জ্বালালে,জ্বালানো
জ্বালিয়ে,জ্বালানো
জড়তে,জড়া
জড়লে,জড়া
জড়া,জড়া
জড়াইতে,জড়ানো
জড়াইলে,জড়ানো
জড়াইয়া,জড়ানো
জড়াতে,জড়ানো
জড়ানো,জড়ানো
জড়ালে,জড়ানো
জড়িয়া,জড়া
জড়িয়ে,জড়ানো
জড়ে,জড়া
ঝরতে,ঝরা
ঝরলে,ঝরা
ঝরা,ঝরা
ঝরাইতে,ঝরানো
ঝরাইলে,ঝরানো
ঝরাইয়া,ঝরানো
ঝরাতে,ঝরানো
ঝরানো,ঝরানো
ঝরালে,ঝরানো
ঝরিয়া,ঝরা
ঝরিয়ে,ঝরানো
ঝরে,ঝরা
ঝাঁপাইতে,ঝাঁপানো
ঝাঁপাইলে,ঝাঁপানো
ঝাঁপাইয়া,ঝাঁপানো
ঝাঁপাতে,ঝাঁপানো
ঝাঁপানো,ঝাঁপানো
ঝাঁপালে,ঝাঁপানো
ঝাঁপিয়ে,ঝাঁপানো
ঝাপাইতে,ঝাপানো
ঝাপাইলে,ঝাপানো
ঝাপাইয়া,ঝাপানো
ঝাপাতে,ঝাপানো
ঝাপানো,ঝাপানো
ঝাপালে,ঝাপানো
ঝাপিয়ে,ঝাপানো
ঝালাইতে,ঝালানো
ঝালাইলে,ঝালানো
ঝালাইয়া,ঝালানো
ঝালাতে,ঝালানো
ঝালানো,ঝালানো
ঝালালে,ঝালানো
ঝালিয়ে,ঝালানো
ঝাড়তে,ঝাড়া
ঝাড়লে,ঝাড়া
ঝাড়া,ঝাড়া
ঝাড়াইতে,ঝাড়ানো
ঝাড়াইলে,ঝাড়ানো
ঝাড়াইয়া,ঝাড়ানো
ঝাড়াতে,ঝাড়ানো
ঝাড়ানো,ঝাড়ানো
ঝাড়ালে,ঝাড়ানো
ঝাড়িয়া,ঝাড়া
ঝাড়িয়ে,ঝাড়ানো
ঝিমতে,ঝিমা
ঝিমলে,ঝিমা
ঝিমা,ঝিমা
ঝিমাইতে,ঝিমানো
ঝিমাইলে,ঝিমানো
ঝিমাইয়া,ঝিমানো
ঝিমাতে,ঝিমানো
ঝিমানো,ঝিমানো
ঝিমালে,ঝিমানো
ঝিমিয়া,ঝিমা
ঝিমিয়ে,ঝিমানো
ঝিমে,ঝিমা
ঝুঁড়াইতে,ঝুঁড়ানো
ঝুঁড়াইলে,ঝুঁড়ানো
ঝুঁড়াইয়া,ঝুঁড়ানো
ঝুঁড়াতে,ঝুঁড়ানো
ঝুঁড়ানো,ঝুঁড়ানো
ঝুঁড়ালে,ঝুঁড়ানো
ঝুঁড়িয়ে,ঝুঁড়ানো
ঝুলতে,ঝুলা
ঝুললে,ঝুলা
ঝুলা,ঝুলা
ঝুলাইতে,ঝুলানো
ঝুলাইলে,ঝুলানো
ঝুলাইয়া,ঝুলানো
ঝুলাতে,ঝুলানো
ঝুলানো,ঝুলানো
ঝুলালে,ঝুলানো
ঝুলিয়া,ঝুলা
ঝুলিয়ে,ঝুলানো
ঝুলে,ঝুলা
ঝুড়তে,ঝুড়া
ঝুড়তে,ঝোড়া
ঝুড়লে,ঝুড়া
ঝুড়লে,ঝোড়া
ঝুড়া,ঝুড়া
ঝুড়াইতে,ঝুড়ানো
ঝুড়াইলে,ঝুড়ানো
ঝুড়াইয়া,ঝুড়ানো
ঝুড়াতে,ঝুড়ানো
ঝুড়ানো,ঝুড়ানো
ঝুড়ালে,ঝুড়ানো
ঝুড়িয়া,ঝুড়া
ঝুড়িয়া,ঝোড়া
ঝুড়িয়ে,ঝুড়ানো
ঝুড়ে,ঝুড়া
ঝুড়ে,ঝোড়া
ঝেড়ে,ঝাড়া
ঝোড়া,ঝোড়া
ঝোড়াইতে,ঝোড়ানো
ঝোড়াইলে,ঝোড়ানো
ঝোড়াইয়া,ঝোড়ানো
ঝোড়াতে,ঝোড়ানো
ঝোড়ানো,ঝোড়ানো
ঝোড়ালে,ঝোড়ানো
ঝোড়িয়ে,ঝোড়ানো
টকতে,টকা
টকলে,টকা
টকা,টকা
টকাইতে,টকানো
টকাইলে,টকানো
টকাইয়া,টকানো
টকাতে,টকানো
টকানো,টকানো
টকালে,টকানো
টকিয়া,টকা
টকিয়ে,টকানো
টকে,টকা
টলতে,টলা
টললে,টলা
টলা,টলা
টলাইতে,টলানো
টলাইলে,টলানো
টলাইয়া,টলানো
টলাতে,টলানো
টলানো,টলানো
টলালে,টলানো
টলিয়া,টলা
টলিয়ে,টলানো
টলে,টলা
টাঙতে,টাঙা
টাঙলে,টাঙা
টাঙা,টাঙা
টাঙাইতে,টাঙানো
টাঙাইলে,টাঙানো
টাঙাইয়া,টাঙানো
টাঙাতে,টাঙানো
টাঙানো,টাঙানো
টাঙালে,টাঙানো
টাঙিয়া,টাঙা
টাঙিয়ে,টাঙানো
টানতে,টানা
টানলে,টানা
টানা,টানা
টানাইতে,টানানো
টানাইলে,টানানো
টানাইয়া,টানানো
টানাতে,টানানো
টানানো,টানানো
টানালে,টানানো
টানিয়া,টানা
টানিয়ে,টানানো
টিকতে,টিকা
টিকতে,টেকা
টিকলে,টিকা
টিকলে,টেকা
টিকা,টিকা
টিকাইতে,টিকানো
টিকাইলে,টিকানো
টিকাইয়া,টিকানো
টিকাতে,টিকানো
টিকানো,টিকানো
টিকালে,টিকানো
টিকিয়া,টিকা
টিকিয়া,টেকা
টিকিয়ে,টিকানো
টিকে,টিকা
টিকে,টেকা
টিপতে,টিপা
টিপলে,টিপা
টিপা,টিপা
টিপাইতে,টিপানো
টিপাইলে,টিপানো
টিপাইয়া,টিপানো
টিপাতে,টিপানো
টিপানো,টিপানো
টিপালে,টিপানো
টিপিয়া,টিপা
টিপিয়ে,টিপানো
টিপে,টিপা
টুকতে,টুকা
টুকলে,টুকা
টুকা,টুকা
টুকাইতে,টুকানো
টুকাইলে,টুকানো
টুকাইয়া,টুকানো
টুকাতে,টুকানো
টুকানো,টুকানো
টুকালে,টুকানো
টুকিয়া,টুকা
টুকিয়ে,টুকানো
টুকে,টুকা
টেকা,টেকা
টেঙে,টাঙা
টেনে,টানা
ঠকতে,ঠকা
ঠকলে,ঠকা
ঠকা,ঠকা
ঠকাইতে,ঠকানো
ঠকাইলে,ঠকানো
ঠকাইয়া,ঠকানো
ঠকাতে,ঠকানো
ঠকানো,ঠকানো
ঠকালে,ঠকানো
ঠকিয়া,ঠকা
ঠকিয়ে,ঠকানো
ঠকে,ঠকা
ঠাওরাইতে,ঠাওরানো
ঠাওরাইলে,ঠাওরানো
ঠাওরাইয়া,ঠাওরানো
ঠাওরাতে,ঠাওরানো
ঠাওরানো,ঠাওরানো
ঠাওরালে,ঠাওরানো
ঠাওরিয়ে,ঠাওরানো
ঠাসতে,ঠাসা
ঠাসলে,ঠাসা
ঠাসা,ঠাসা
ঠাসাইতে,ঠাসানো
ঠাসাইলে,ঠাসানো
ঠাসাইয়া,ঠাসানো
ঠাসাতে,ঠাসানো
ঠাসানো,ঠাসানো
ঠাসালে,ঠাসানো
ঠাসিয়া,ঠাসা
ঠাসিয়ে,ঠাসানো
ঠুকতে,ঠুকা
ঠুকতে,ঠোকা
ঠুকলে,ঠুকা
ঠুকলে,ঠোকা
ঠুকা,ঠুকা
ঠুকাইতে,ঠুকানো
ঠুকাইলে,ঠুকানো
ঠুকাইয়া,ঠুকানো
ঠুকাতে,ঠুকানো
ঠুকানো,ঠুকানো
ঠুকালে,ঠুকানো
ঠুকিয়া,ঠুকা
ঠুকিয়া,ঠোকা
ঠুকিয়ে,ঠুকানো
ঠুকে,ঠুকা
ঠুকে,ঠোকা
ঠুসতে,ঠুসা
ঠুসলে,ঠুসা
ঠুসা,ঠুসা
ঠুসাইতে,ঠুসানো
ঠুসাইলে,ঠুসানো
ঠুসাইয়া,ঠুসানো
ঠুসাতে,ঠুসানো
ঠুসানো,ঠুসানো
ঠুসালে,ঠুসানো
ঠুসিয়া,ঠুসা
ঠুসিয়ে,ঠুসানো
ঠুসে,ঠুসা
ঠেকতে,ঠেকা
ঠেকলে,ঠেকা
ঠেকা,ঠেকা
ঠেকাইতে,ঠেকানো
ঠেকাইলে,ঠেকানো
ঠেকাইয়া,ঠেকানো
ঠেকাতে,ঠেকানো
ঠেকানো,ঠেকানো
ঠেকালে,ঠেকানো
ঠেকিয়া,ঠেকা
ঠেকিয়ে,ঠেকানো
ঠেকে,ঠেকা
ঠেলতে,ঠেলা
ঠেললে,ঠেলা
ঠেলা,ঠেলা
ঠেলিয়া,ঠেলা
ঠেলে,ঠেলা
ঠেসতে,ঠেসা
ঠেসলে,ঠেসা
ঠেসা,ঠেসা
ঠেসাইতে,ঠেসানো
ঠেসাইলে,ঠেসানো
ঠেসাইয়া,ঠেসানো
ঠেসাতে,ঠেসানো
ঠেসানো,ঠেসানো
ঠেসালে,ঠেসানো
ঠেসিয়া,ঠেসা
ঠেসিয়ে,ঠেসানো
ঠেসে,ঠাসা
ঠেসে,ঠেসা
ঠোকরাইতে,ঠোকরানো
ঠোকরাইলে,ঠোকরানো
ঠোকরাইয়া,ঠোকরানো
ঠোকরাতে,ঠোকরানো
ঠোকরানো,ঠোকরানো
ঠোকরালে,ঠোকরানো
ঠোকরিয়ে,ঠোকরানো
ঠোকা,ঠোকা
ডরাইতে,ডরানো
ডরাইলে,ডরানো
ডরাইয়া,ডরানো
ডরাতে,ডরানো
ডরানো,ডরানো
ডরালে,ডরানো
ডরিয়ে,ডরানো
ডলতে,ডলা
ডললে,ডলা
ডলা,ডলা
ডলাইতে,ডলানো
ডলাইলে,ডলানো
ডলাইয়া,ডলানো
ডলাতে,ডলানো
ডলানো,ডলানো
ডলালে,ডলানো
ডলিয়া,ডলা
ডলিয়ে,ডলানো
ডলে,ডলা
ডাকতে,ডাকা
ডাকলে,ডাকা
ডাকা,ডাকা
ডাকিয়া,ডাকা
ডিঙতে,ডিঙা
ডিঙলে,ডিঙা
ডিঙা,ডিঙা
ডিঙাইতে,ডিঙানো
ডিঙাইলে,ডিঙানো
ডিঙাইয়া,ডিঙানো
ডিঙাতে,ডিঙানো
ডিঙানো,ডিঙানো
ডিঙালে,ডিঙানো
ডিঙিয়া,ডিঙা
ডিঙিয়ে,ডিঙানো
ডিঙে,ডিঙা
ডুবতে,ডুবা
ডুবলে,ডুবা
ডুবা,ডুবা
ডুবাইতে,ডুবানো
ডুবাইলে,ডুবানো
ডুবাইয়া,ডুবানো
ডুবাতে,ডুবানো
ডুবানো,ডুবানো
ডুবালে,ডুবানো
ডুবিয়া,ডুবা
ডুবিয়ে,ডুবানো
ডুবে,ডুবা
ডেকে,ডাকা
ঢলতে,ঢলা
ঢললে,ঢলা
ঢলা,ঢলা
ঢলাইতে,ঢলানো
ঢলাইলে,ঢলানো
ঢলাইয়া,ঢলানো
ঢলাতে,ঢলানো
ঢলানো,ঢলানো
ঢলালে,ঢলানো
ঢলিয়া,ঢলা
ঢলিয়ে,ঢলানো
ঢলে,ঢলা
ঢাকতে,ঢাকা
ঢাকলে,ঢাকা
ঢাকা,ঢাকা
ঢাকাইতে,ঢাকানো
ঢাকাইলে,ঢাকানো
ঢাকাইয়া,ঢাকানো
ঢাকাতে,ঢাকানো
ঢাকানো,ঢাকানো
ঢাকালে,ঢাকানো
ঢাকিয়া,ঢাকা
ঢাকিয়ে,ঢাকানো
ঢালতে,ঢালা
ঢাললে,ঢালা
ঢালা,ঢালা
ঢালিয়া,ঢালা
ঢিকতে,ঢিকা
ঢিকলে,ঢিকা
ঢিকা,ঢিকা
ঢিকাইতে,ঢিকানো
ঢিকাইলে,ঢিকানো
ঢিকাইয়া,ঢিকানো
ঢিকাতে,ঢিকানো
ঢিকানো,ঢিকানো
ঢিকালে,ঢিকানো
ঢিকিয়া,ঢিকা
ঢিকিয়ে,ঢিকানো
ঢিকে,ঢিকা
ঢুকতে,ঢুকা
ঢুকলে,ঢুকা
ঢুকা,ঢুকা
ঢুকাইতে,ঢুকানো
ঢুকাইলে,ঢুকানো
ঢুকাইয়া,ঢুকানো
ঢুকাতে,ঢুকানো
ঢুকানো,ঢুকানো
ঢুকালে,ঢুকানো
ঢুকিয়া,ঢুকা
ঢুকিয়ে,ঢুকানো
ঢুকে,ঢুকা
ঢুলতে,ঢুলা
ঢুললে,ঢুলা
ঢুলা,ঢুলা
ঢুলাইতে,ঢুলানো
ঢুলাইলে,ঢুলানো
ঢুলাইয়া,ঢুলানো
ঢুলাতে,ঢুলানো
ঢুলানো,ঢুলানো
ঢুলালে,ঢুলানো
ঢুলিয়া,ঢুলা
ঢুলিয়ে,ঢুলানো
ঢুলে,ঢুলা
ঢুসতে,ঢুসা
ঢুসলে,ঢুসা
ঢুসা,ঢুসা
ঢুসাইতে,ঢুসানো
ঢুসাইলে,ঢুসানো
ঢুসাইয়া,ঢুসানো
ঢুসাতে,ঢুসানো
ঢুসানো,ঢুসানো
ঢুসালে,ঢুসানো
ঢুসিয়া,ঢুসা
ঢুসিয়ে,ঢুসানো
ঢুসে,ঢুসা
ঢেকে,ঢাকা
ঢেলে,ঢালা
তলতে,তলা
তললে,তলা
তলা,তলা
তলাইতে,তলানো
তলাইলে,তলানো
তলাইয়া,তলানো
তলাতে,তলানো
তলানো,তলানো
তলালে,তলানো
তলিয়া,তলা
তলিয়ে,তলানো
তলে,তলা
তাকাইতে,তাকানো
তাকাইলে,তাকানো
তাকাইয়া,তাকানো
তাকাতে,তাকানো
তাকানো,তাকানো
তাকালে,তাকানো
তাকিয়ে,তাকানো
তাততে,তাতা
তাতলাইতে,তাতলানো
তাতলাইলে,তাতলানো
তাতলাইয়া,তাতলানো
তাতলাতে,তাতলানো
তাতলানো,তাতলানো
তাতলালে,তাতলানো
তাতলে,তাতা
তাতা,তাতা
তাতাইতে,তাতানো
তাতাইলে,তাতানো
তাতাইয়া,তাতানো
তাতাতে,তাতানো
তাতানো,তাতানো
তাতালে,তাতানো
তাতিয়া,তাতা
তাতিয়ে,তাতানো
তালাইতে,তালানো
তালাইলে,তালানো
তালাইয়া,তালানো
তালাতে,তালানো
তালানো,তালানো
তালালে,তালানো
তাড়াইতে,তাড়ানো
তাড়াইলে,তাড়ানো
তাড়াইয়া,তাড়ানো
তাড়াতে,তাড়ানো
তাড়ানো,তাড়ানো
তাড়ালে,তাড়ানো
তাড়িয়ে,তাড়ানো
তুতিয়ে,তাতলানো
তুলতে,তুলা
তুললে,তুলা
তুলা,তুলা
তুলাইতে,তুলানো
তুলাইলে,তুলানো
তুলাইয়া,তুলানো
তুলাতে,তুলানো
তুলানো,তুলানো
তুলালে,তুলানো
তুলিয়া,তুলা
তুলিয়ে,তালানো
তুলিয়ে,তুলানো
তুলে,তুলা
তেতে,তাতা
ত্রে,এলা
ত্রে,এড়া
থাকতে,থাকা
থাকলে,থাকা
থাকা,থাকা
থাকিয়া,থাকা
থাপড়াইতে,থাপড়ানো
থাপড়াইলে,থাপড়ানো
থাপড়াইয়া,থাপড়ানো
থাপড়াতে,থাপড়ানো
থাপড়ানো,থাপড়ানো
থাপড়ালে,থাপড়ানো
থাপড়িয়ে,থাপড়ানো
থাবড়াইতে,থাবড়ানো
থাবড়াইলে,থাবড়ানো
থাবড়াইয়া,থাবড়ানো
থাবড়াতে,থাবড়ানো
থাবড়ানো,থাবড়ানো
থাবড়ালে,থাবড়ানো
থাবড়িয়ে,থাবড়ানো
থামতে,থামা
থামলে,থামা
থামা,থামা
থামিয়া,থামা
থিততে,থিতা
থিতলে,থিতা
থিতা,থিতা
থিতাইতে,থিতানো
থিতাইলে,থিতানো
থিতাইয়া,থিতানো
থিতাতে,থিতানো
থিতানো,থিতানো
থিতালে,থিতানো
থিতিয়া,থিতা
থিতিয়ে,থিতানো
থিতে,থিতা
থুইয়া,থোয়া
থুতে,থোয়া
থুবড়াইতে,থুবড়ানো
থুবড়াইলে,থুবড়ানো
থুবড়াইয়া,থুবড়ানো
থুবড়াতে,থুবড়ানো
থুবড়ানো,থুবড়ানো
থুবড়ালে,থুবড়ানো
থুবড়িয়ে,থুবড়ানো
থুলাইতে,থুলানো
থুলাইলে,থুলানো
থুলাইয়া,থুলানো
থুলাতে,থুলানো
থুলানো,থুলানো
থুলালে,থুলানো
থুলিয়ে,থুলানো
থুলে,থোয়া
থুয়ে,থোয়া
থেকে,থাকা
থেমে,থামা
থোয়া,থোয়া
থ্যাঁতলাইতে,থ্যাঁতলানো
থ্যাঁতলাইলে,থ্যাঁতলানো
থ্যাঁতলাইয়া,থ্যাঁতলানো
থ্যাঁতলাতে,থ্যাঁতলানো
থ্যাঁতলানো,থ্যাঁতলানো
থ্যাঁতলালে,থ্যাঁতলানো
থ্যাঁতলিয়ে,থ্যাঁতলানো
থ্যাতলাইতে,থ্যাতলানো
থ্যাতলাইলে,থ্যাতলানো
থ্যাতলাইয়া,থ্যাতলানো
থ্যাতলাতে,থ্যাতলানো
থ্যাতলানো,থ্যাতলানো
থ্যাতলালে,থ্যাতলানো
থ্যাতলিয়ে,থ্যাতলানো
দমতে,দমা
দমলে,দমা
দমা,দমা
দমাইতে,দমানো
দমাইলে,দমানো
দমাইয়া,দমানো
দমাতে,দমানো
দমানো,দমানো
দমালে,দমানো
দমিয়া,দমা
দমিয়ে,দমানো
দমে,দমা
দলতে,দলা
দললে,দলা
দলা,দলা
দলাইতে,দলানো
দলাইলে,দলানো
দলাইয়া,দলানো
দলাতে,দলানো
দলানো,দলানো
দলালে,দলানো
দলিয়া,দলা
দলিয়ে,দলানো
দলে,দলা
দাঁড়াইতে,দাঁড়ানো
দাঁড়াইলে,দাঁড়ানো
দাঁড়াইয়া,দাঁড়ানো
দাঁড়াতে,দাঁড়ানো
দাঁড়ানো,দাঁড়ানো
দাঁড়ালে,দাঁড়ানো
দাঁড়িয়ে,দাঁড়ানো
দাগতে,দাগা
দাগলে,দাগা
দাগা,দাগা
দাগাইতে,দাগানো
দাগাইলে,দাগানো
দাগাইয়া,দাগানো
দাগাতে,দাগানো
দাগানো,দাগানো
দাগালে,দাগানো
দাগিয়া,দাগা
দাগিয়ে,দাগানো
দাবাইতে,দাবানো
দাবাইলে,দাবানো
দাবাইয়া,দাবানো
দাবাতে,দাবানো
দাবানো,দাবানো
দাবালে,দাবানো
দাবিয়ে,দাবানো
দাবড়াইতে,দাবড়ানো
দাবড়াইলে,দাবড়ানো
দাবড়াইয়া,দাবড়ানো
দাবড়াতে,দাবড়ানো
দাবড়ানো,দাবড়ানো
দাবড়ালে,দাবড়ানো
দাবড়িয়ে,দাবড়ানো
দাড়াইতে,দাড়ানো
দাড়াইলে,দাড়ানো
দাড়াইয়া,দাড়ানো
দাড়াতে,দাড়ানো
দাড়ানো,দাড়ানো
দাড়ালে,দাড়ানো
দাড়িয়ে,দাড়ানো
দিইয়া,দেওয়া
দিতে,দেওয়া
দিলে,দেওয়া
দিয়ে,দেওয়া
দুলতে,দুলা
দুলতে,দোলা
দুললে,দুলা
দুললে,দোলা
দুলা,দুলা
দুলাইতে,দুলানো
দুলাইলে,দুলানো
দুলাইয়া,দুলানো
দুলাতে,দুলানো
দুলানো,দুলানো
দুলালে,দুলানো
দুলিয়া,দুলা
দুলিয়া,দোলা
দুলিয়ে,দুলানো
দুলে,দুলা
দুলে,দোলা
দুষতে,দুষা
দুষতে,দোষা
দুষলে,দুষা
দুষলে,দোষা
দুষা,দুষা
দুষাইতে,দুষানো
দুষাইলে,দুষানো
দুষাইয়া,দুষানো
দুষাতে,দুষানো
দুষানো,দুষানো
দুষালে,দুষানো
দুষিয়া,দুষা
দুষিয়া,দোষা
দুষিয়ে,দুষানো
দুষে,দুষা
দুষে,দোষা
দেওয়া,দেওয়া
দেখতে,দেখা
দেখলে,দেখা
দেখা,দেখা
দেখাইতে,দেখানো
দেখাইলে,দেখানো
দেখাইয়া,দেখানো
দেখাতে,দেখানো
দেখানো,দেখানো
দেখালে,দেখানো
দেখিয়া,দেখা
দেখিয়ে,দেখানো
দেখে,দেখা
দেগে,দাগা
দেয়াইতে,দেয়ানো
দেয়াইলে,দেয়ানো
দেয়াইয়া,দেয়ানো
দেয়াতে,দেয়ানো
দেয়ানো,দেয়ানো
দেয়ালে,দেয়ানো
দেয়িয়ে,দেয়ানো
দোমড়াইতে,দোমড়ানো
দোমড়াইলে,দোমড়ানো
দোমড়াইয়া,দোমড়ানো
দোমড়াতে,দোমড়ানো
দোমড়ানো,দোমড়ানো
দোমড়ালে,দোমড়ানো
দোমড়িয়ে,দোমড়ানো
দোলা,দোলা
দোলাইতে,দোলানো
দোলাইলে,দোলানো
দোলাইয়া,দোলানো
দোলাতে,দোলানো
দোলানো,দোলানো
দোলালে,দোলানো
দোলিয়ে,দোলানো
দোষা,দোষা
দোয়াইতে,দোয়ানো
দোয়াইলে,দোয়ানো
দোয়াইয়া,দোয়ানো
দোয়াতে,দোয়ানো
দোয়ানো,দোয়ানো
দোয়ালে,দোয়ানো
দোয়িয়ে,দোয়ানো
দৌড়তে,দৌড়া
দৌড়লে,দৌড়া
দৌড়া,দৌড়া
দৌড়াইতে,দৌড়ানো
দৌড়াইলে,দৌড়ানো
দৌড়াইয়া,দৌড়ানো
দৌড়াতে,দৌড়ানো
দৌড়ানো,দৌড়ানো
দৌড়ালে,দৌড়ানো
দৌড়িয়া,দৌড়া
দৌড়িয়ে,দৌড়ানো
দৌড়ে,দৌড়া
ধমকতে,ধমকা
ধমকলে,ধমকা
ধমকা,ধমকা
ধমকাইতে,ধমকানো
ধমকাইলে,ধমকানো
ধমকাইয়া,ধমকানো
ধমকাতে,ধমকানো
ধমকানো,ধমকানো
ধমকালে,ধমকানো
ধমকিয়া,ধমকা
ধমকিয়ে,ধমকানো
ধমকে,ধমকা
ধরতে,ধরা
ধরলে,ধরা
ধরা,ধরা
ধরাইতে,ধরানো
ধরাইলে,ধরানো
ধরাইয়া,ধরানো
ধরাতে,ধরানো
ধরানো,ধরানো
ধরালে,ধরানো
ধরিয়া,ধরা
ধরিয়ে,ধরানো
ধরে,ধরা
ধসতে,ধসা
ধসলে,ধসা
ধসা,ধসা
ধসাইতে,ধসানো
ধসাইলে,ধসানো
ধসাইয়া,ধসানো
ধসাতে,ধসানো
ধসানো,ধসানো
ধসালে,ধসানো
ধসিয়া,ধসা
ধসিয়ে,ধসানো
ধসে,ধসা
ধাইতে,ধাওয়া
ধাইলে,ধাওয়া
ধাইয়া,ধাওয়া
ধাওয়া,ধাওয়া
ধাক্কাইতে,ধাক্কানো
ধাক্কাইলে,ধাক্কানো
ধাক্কাইয়া,ধাক্কানো
ধাক্কাতে,ধাক্কানো
ধাক্কানো,ধাক্কানো
ধাক্কালে,ধাক্কানো
ধাক্কিয়ে,ধাক্কানো
ধাবড়াইতে,ধাবড়ানো
ধাবড়াইলে,ধাবড়ানো
ধাবড়াইয়া,ধাবড়ানো
ধাবড়াতে,ধাবড়ানো
ধাবড়ানো,ধাবড়ানো
ধাবড়ালে,ধাবড়ানো
ধাবড়িয়ে,ধাবড়ানো
ধায়াইতে,ধায়ানো
ধায়াইলে,ধায়ানো
ধায়াইয়া,ধায়ানো
ধায়াতে,ধায়ানো
ধায়ানো,ধায়ানো
ধায়ালে,ধায়ানো
ধুইয়া,ধোওয়া
ধুইয়ে,ধায়ানো
ধুতে,ধোওয়া
ধুলে,ধোওয়া
ধুয়ে,ধোওয়া
ধেতে,ধাওয়া
ধেলে,ধাওয়া
ধেয়ে,ধাওয়া
ধোওয়া,ধোওয়া
নাচতে,নাচা
নাচলে,নাচা
নাচা,নাচা
নাচাইতে,নাচানো
নাচাইলে,নাচানো
নাচাইয়া,নাচানো
নাচাতে,নাচানো
নাচানো,নাচানো
নাচালে,নাচানো
নাচিয়া,নাচা
নাচিয়ে,নাচানো
নামতে,নামা
নামলে,নামা
নামা,নামা
নামাইতে,নামানো
নামাইলে,নামানো
নামাইয়া,নামানো
নামাতে,নামানো
নামানো,নামানো
নামালে,নামানো
নামিয়া,নামা
নামিয়ে,নামানো
নাড়তে,নাড়া
নাড়লে,নাড়া
নাড়া,নাড়া
নাড়াইতে,নাড়ানো
নাড়াইলে,নাড়ানো
নাড়াইয়া,নাড়ানো
নাড়াতে,নাড়ানো
নাড়ানো,নাড়ানো
নাড়ালে,নাড়ানো
নাড়িয়া,নাড়া
নাড়িয়ে,নাড়ানো
নায়াইতে,নায়ানো
নায়াইলে,নায়ানো
নায়াইয়া,নায়ানো
নায়াতে,নায়ানো
নায়ানো,নায়ানো
নায়ালে,নায়ানো
নিংড়াইতে,নিংড়ানো
নিংড়াইলে,নিংড়ানো
নিংড়াইয়া,নিংড়ানো
নিংড়াতে,নিংড়ানো
নিংড়ানো,নিংড়ানো
নিংড়ালে,নিংড়ানো
নিংড়িয়ে,নিংড়ানো
নিইয়া,নেওয়া
নিকাইতে,নিকানো
নিকাইলে,নিকানো
নিকাইয়া,নিকানো
নিকাতে,নিকানো
নিকানো,নিকানো
নিকালে,নিকানো
নিকিয়ে,নিকানো
নিতে,নেওয়া
নিবাইতে,নিবানো
নিবাইলে,নিবানো
নিবাইয়া,নিবানো
নিবাতে,নিবানো
নিবানো,নিবানো
নিবালে,নিবানো
নিবিয়ে,নিবানো
নিভতে,নিভা
নিভলে,নিভা
নিভা,নিভা
নিভাইতে,নিভানো
নিভাইলে,নিভানো
নিভাইয়া,নিভানো
নিভাতে,নিভানো
নিভানো,নিভানো
নিভালে,নিভানো
নিভিয়া,নিভা
নিভিয়ে,নিভানো
নিভে,নিভা
নিলে,নেওয়া
নিড়াইতে,নিড়ানো
নিড়াইলে,নিড়ানো
নিড়াইয়া,নিড়ানো
নিড়াতে,নিড়ানো
নিড়ানো,নিড়ানো
নিড়ালে,নিড়ানো
নিড়িয়ে,নিড়ানো
নিয়ে,নেওয়া
নুইয়ে,নায়ানো
নুয়াইতে,নুয়ানো
নুয়াইলে,নুয়ানো
নুয়াইয়া,নুয়ানো
নুয়াতে,নুয়ানো
নুয়ানো,নুয়ানো
নুয়ালে,নুয়ানো
নুয়িয়ে,নুয়ানো
নেওয়া,নেওয়া
নেচে,নাচা
নেতাইতে,নেতানো
নেতাইলে,নেতানো
নেতাইয়া,নেতানো
নেতাতে,নেতানো
নেতানো,নেতানো
নেতালে,নেতানো
নেতিয়ে,নেতানো
নেবাইতে,নেবানো
নেবাইলে,নেবানো
নেবাইয়া,নেবানো
নেবাতে,নেবানো
নেবানো,নেবানো
নেবালে,নেবানো
নেবিয়ে,নেবানো
নেভাইতে,নেভানো
নেভাইলে,নেভানো
নেভাইয়া,নেভানো
নেভাতে,নেভানো
নেভানো,নেভানো
নেভালে,নেভানো
নেভিয়ে,নেভানো
নেমে,নামা
নেড়ে,নাড়া
নেয়াইতে,নেয়ানো
নেয়াইলে,নেয়ানো
নেয়াইয়া,নেয়ানো
নেয়াতে,নেয়ানো
নেয়ানো,নেয়ানো
নেয়ালে,নেয়ানো
নেয়িয়ে,নেয়ানো
ন্যাতাইতে,ন্যাতানো
ন্যাতাইলে,ন্যাতানো
ন্যাতাইয়া,ন্যাতানো
ন্যাতাতে,ন্যাতানো
ন্যাতানো,ন্যাতানো
ন্যাতালে,ন্যাতানো
ন্যাতিয়ে,ন্যাতানো
পচতে,পচা
পচলে,পচা
পচা,পচা
পচাইতে,পচানো
পচাইলে,পচানো
পচাইয়া,পচানো
পচাতে,পচানো
পচানো,পচানো
পচালে,পচানো
পচিয়া,পচা
পচিয়ে,পচানো
পচে,পচা
পটাইতে,পটানো
পটাইলে,পটানো
পটাইয়া,পটানো
পটাতে,পটানো
পটানো,পটানো
পটালে,পটানো
পটিয়ে,পটানো
পরতে,পরা
পরলে,পরা
পরা,পরা
পরিয়া,পরা
পরে,পরা
পস্তাইতে,পস্তানো
পস্তাইলে,পস্তানো
পস্তাইয়া,পস্তানো
পস্তাতে,পস্তানো
পস্তানো,পস্তানো
পস্তালে,পস্তানো
পস্তিয়ে,পস্তানো
পাইতে,পাওয়া
পাইলে,পাওয়া
পাইয়া,পাওয়া
পাওয়া,পাওয়া
পাকাইতে,পাকানো
পাকাইলে,পাকানো
পাকাইয়া,পাকানো
পাকাতে,পাকানো
পাকানো,পাকানো
পাকালে,পাকানো
পাকিয়ে,পাকানো
পাততে,পাতা
পাতলে,পাতা
পাতা,পাতা
পাতাইতে,পাতানো
পাতাইলে,পাতানো
পাতাইয়া,পাতানো
পাতাতে,পাতানো
পাতানো,পাতানো
পাতালে,পাতানো
পাতিয়া,পাতা
পাতিয়ে,পাতানো
পারতে,পারা
পারলে,পারা
পারা,পারা
পারিয়া,পারা
পালাইতে,পালানো
পালাইলে,পালানো
পালাইয়া,পালানো
পালাতে,পালানো
পালানো,পালানো
পালালে,পালানো
পালিয়ে,পালানো
পাড়া,পাড়া
পাড়াইতে,পাড়ানো
পাড়াইলে,পাড়ানো
পাড়াইয়া,পাড়ানো
পাড়াতে,পাড়ানো
পাড়ানো,পাড়ানো
পাড়ালে,পাড়ানো
পাড়িয়ে,পাড়ানো
পিছাইতে,পিছানো
পিছাইলে,পিছানো
পিছাইয়া,পিছানো
পিছাতে,পিছানো
পিছানো,পিছানো
পিছালে,পিছানো
পিছিয়ে,পিছানো
পিটাইতে,পিটানো
পিটাইলে,পিটানো
পিটাইয়া,পিটানো
পিটাতে,পিটানো
পিটানো,পিটানো
পিটালে,পিটানো
পিটিয়ে,পিটানো
পিষতে,পিষা
পিষলে,পিষা
পিষা,পিষা
পিষাইতে,পিষানো
পিষাইলে,পিষানো
পিষাইয়া,পিষানো
পিষাতে,পিষানো
পিষানো,পিষানো
পিষালে,পিষানো
পিষিয়া,পিষা
পিষিয়ে,পিষানো
পিষে,পিষা
পুডিয়ে,পাড়ানো
পুরাইতে,পুরানো
পুরাইলে,পুরানো
পুরাইয়া,পুরানো
পুরাতে,পুরানো
পুরানো,পুরানো
পুরালে,পুরানো
পুরিয়ে,পুরানো
পুষতে,পুষা
পুষতে,পোষা
পুষলে,পুষা
পুষলে,পোষা
পুষা,পুষা
পুষাইতে,পুষানো
পুষাইলে,পুষানো
পুষাইয়া,পুষানো
পুষাতে,পুষানো
পুষানো,পুষানো
পুষালে,পুষানো
পুষিয়া,পুষা
পুষিয়া,পোষা
পুষিয়ে,পুষানো
পুষে,পুষা
পুষে,পোষা
পুড়তে,পাড়া
পুড়তে,পুড়া
পুড়লে,পাড়া
পুড়লে,পুড়া
পুড়া,পুড়া
পুড়াইতে,পুড়ানো
পুড়াইলে,পুড়ানো
পুড়াইয়া,পুড়ানো
পুড়াতে,পুড়ানো
পুড়ানো,পুড়ানো
পুড়ালে,পুড়ানো
পুড়িয়া,পাড়া
পুড়িয়া,পুড়া
পুড়িয়ে,পুড়ানো
পুড়ে,পাড়া
পুড়ে,পুড়া
পেটাইতে,পেটানো
পেটাইলে,পেটানো
পেটাইয়া,পেটানো
পেটাতে,পেটানো
পেটানো,পেটানো
পেটালে,পেটানো
পেটিয়ে,পেটানো
পেতে,পাওয়া
পেতে,পাতা
পেরে,পারা
পেলে,পাওয়া
পেয়ে,পাওয়া
পোষা,পোষা
পোষাইতে,পোষানো
পোষাইলে,পোষানো
পোষাইয়া,পোষানো
পোষাতে,পোষানো
পোষানো,পোষানো
পোষালে,পোষানো
পোষিয়ে,পোষানো
প্যাঁদাইতে,প্যাঁদানো
প্যাঁদাইলে,প্যাঁদানো
প্যাঁদাইয়া,প্যাঁদানো
প্যাঁদাতে,প্যাঁদানো
প্যাঁদানো,প্যাঁদানো
প্যাঁদালে,প্যাঁদানো
প্যাঁদিয়ে,প্যাঁদানো
প্যাদাইতে,প্যাদানো
প্যাদাইলে,প্যাদানো
প্যাদাইয়া,প্যাদানো
প্যাদাতে,প্যাদানো
প্যাদানো,প্যাদানো
প্যাদালে,প্যাদানো
প্যাদিয়ে,প্যাদানো
পড়তে,পড়া
পড়লে,পড়া
পড়া,পড়া
পড়াইতে,পড়ানো
পড়াইলে,পড়ানো
পড়াইয়া,পড়ানো
পড়াতে,পড়ানো
পড়ানো,পড়ানো
পড়ালে,পড়ানো
পড়িয়া,পড়া
পড়িয়ে,পড়ানো
পড়ে,পড়া
ফলতে,ফলা
ফললে,ফলা
ফলা,ফলা
ফলাইতে,ফলানো
ফলাইলে,ফলানো
ফলাইয়া,ফলানো
ফলাতে,ফলানো
ফলানো,ফলানো
ফলালে,ফলানো
ফলিয়া,ফলা
ফলিয়ে,ফলানো
ফলে,ফলা
ফসকাইতে,ফসকানো
ফসকাইলে,ফসকানো
ফসকাইয়া,ফসকানো
ফসকাতে,ফসকানো
ফসকানো,ফসকানো
ফসকালে,ফসকানো
ফসকিয়ে,ফসকানো
ফাটতে,ফাটা
ফাটলে,ফাটা
ফাটা,ফাটা
ফাটাইতে,ফাটানো
ফাটাইলে,ফাটানো
ফাটাইয়া,ফাটানো
ফাটাতে,ফাটানো
ফাটানো,ফাটানো
ফাটালে,ফাটানো
ফাটিয়া,ফাটা
ফাটিয়ে,ফাটানো
ফাড়তে,ফাড়া
ফাড়লে,ফাড়া
ফাড়া,ফাড়া
ফাড়াইতে,ফাড়ানো
ফাড়াইলে,ফাড়ানো
ফাড়াইয়া,ফাড়ানো
ফাড়াতে,ফাড়ানো
ফাড়ানো,ফাড়ানো
ফাড়ালে,ফাড়ানো
ফাড়িয়া,ফাড়া
ফাড়িয়ে,ফাড়ানো
ফিরতে,ফিরা
ফিরতে,ফেরা
ফিরলে,ফিরা
ফিরলে,ফেরা
ফিরা,ফিরা
ফিরাইতে,ফিরানো
ফিরাইলে,ফিরানো
ফিরাইয়া,ফিরানো
ফিরাতে,ফিরানো
ফিরানো,ফিরানো
ফিরালে,ফিরানো
ফিরিয়া,ফিরা
ফিরিয়া,ফেরা
ফিরিয়ে,ফিরানো
ফিরে,ফিরা
ফিরে,ফেরা
ফুঁসতে,ফোঁসা
ফুঁসলে,ফোঁসা
ফুঁসিয়া,ফোঁসা
ফুঁসে,ফোঁসা
ফুটতে,ফুটা
ফুটতে,ফোটা
ফুটলে,ফুটা
ফুটলে,ফোটা
ফুটা,ফুটা
ফুটাইতে,ফুটানো
ফুটাইলে,ফুটানো
ফুটাইয়া,ফুটানো
ফুটাতে,ফুটানো
ফুটানো,ফুটানো
ফুটালে,ফুটানো
ফুটিয়া,ফুটা
ফুটিয়া,ফোটা
ফুটিয়ে,ফুটানো
ফুটে,ফুটা
ফুটে,ফোটা
ফুরতে,ফুরা
ফুরলে,ফুরা
ফুরা,ফুরা
ফুরাইতে,ফুরানো
ফুরাইলে,ফুরানো
ফুরাইয়া,ফুরানো
ফুরাতে,ফুরানো
ফুরানো,ফুরানো
ফুরালে,ফুরানো
ফুরিয়া,ফুরা
ফুরিয়ে,ফুরানো
ফুরে,ফুরা
ফুলাইতে,ফুলানো
ফুলাইলে,ফুলানো
ফুলাইয়া,ফুলানো
ফুলাতে,ফুলানো
ফুলানো,ফুলানো
ফুলালে,ফুলানো
ফুলিয়ে,ফুলানো
ফুসতে,ফোসা
ফুসলাইতে,ফুসলানো
ফুসলাইলে,ফুসলানো
ফুসলাইয়া,ফুসলানো
ফুসলাতে,ফুসলানো
ফুসলানো,ফুসলানো
ফুসলালে,ফুসলানো
ফুসলিয়ে,ফুসলানো
ফুসলে,ফোসা
ফুসিয়া,ফোসা
ফুসে,ফোসা
ফেটে,ফাটা
ফেনাইতে,ফেনানো
ফেনাইলে,ফেনানো
ফেনাইয়া,ফেনানো
ফেনাতে,ফেনানো
ফেনানো,ফেনানো
ফেনালে,ফেনানো
ফেনিয়ে,ফেনানো
ফেরা,ফেরা
ফেরাইতে,ফেরানো
ফেরাইলে,ফেরানো
ফেরাইয়া,ফেরানো
ফেরাতে,ফেরানো
ফেরানো,ফেরানো
ফেরালে,ফেরানো
ফেরিয়ে,ফেরানো
ফেলতে,ফেলা
ফেললে,ফেলা
ফেলা,ফেলা
ফেলিয়া,ফেলা
ফেলে,ফেলা
ফেড়ে,ফাড়া
ফোঁসা,ফোঁসা
ফোটা,ফোটা
ফোটাইতে,ফোটানো
ফোটাইলে,ফোটানো
ফোটাইয়া,ফোটানো
ফোটাতে,ফোটানো
ফোটানো,ফোটানো
ফোটালে,ফোটানো
ফোটিয়ে,ফোটানো
ফোসা,ফোসা
বকাইতে,বকানো
বকাইলে,বকানো
বকাইয়া,বকানো
বকাতে,বকানো
বকানো,বকানো
বকালে,বকানো
বকিয়ে,বকানো
বখাইতে,বখানো
বখাইলে,বখানো
বখাইয়া,বখানো
বখাতে,বখানো
বখানো,বখানো
বখাবনতে,বখাবনা
বখাবনলে,বখাবনা
বখাবনা,বখাবনা
বখাবনিয়া,বখাবনা
বখাবনে,বখাবনা
বখালে,বখানো
বখিয়ে,বখানো
বদলাইতে,বদলানো
বদলাইলে,বদলানো
বদলাইয়া,বদলানো
বদলাতে,বদলানো
বদলানো,বদলানো
বদলালে,বদলানো
বদলিয়ে,বদলানো
বনাইতে,বনানো
বনাইলে,বনানো
বনাইয়া,বনানো
বনাতে,বনানো
বনানো,বনানো
বনালে,বনানো
বনিয়ে,বনানো
বলতে,বলা
বললে,বলা
বলা,বলা
বলিয়া,বলা
বলে,বলা
বসতে,বসা
বসলে,বসা
বসা,বসা
বসাইতে,বসানো
বসাইলে,বসানো
বসাইয়া,বসানো
বসাতে,বসানো
বসানো,বসানো
বসালে,বসানো
বসিয়া,বসা
বসিয়ে,বসানো
বসে,বসা
বহতে,বহা
বহলে,বহা
বহা,বহা
বহাইতে,বহানো
বহাইলে,বহানো
বহাইয়া,বহানো
বহাতে,বহানো
বহানো,বহানো
বহালে,বহানো
বহিয়া,বহা
বহিয়ে,বহানো
বহে,বহা
বাঁকাইতে,বাঁকানো
বাঁকাইলে,বাঁকানো
বাঁকাইয়া,বাঁকানো
বাঁকাতে,বাঁকানো
বাঁকানো,বাঁকানো
বাঁকালে,বাঁকানো
বাঁকিয়ে,বাঁকানো
বাঁচতে,বাঁচা
বাঁচলে,বাঁচা
বাঁচা,বাঁচা
বাঁচিয়া,বাঁচা
বাঁধতে,বাঁধা
বাঁধলে,বাঁধা
বাঁধা,বাঁধা
বাঁধাইতে,বাঁধানো
বাঁধাইলে,বাঁধানো
বাঁধাইয়া,বাঁধানো
বাঁধাতে,বাঁধানো
বাঁধানো,বাঁধানো
বাঁধালে,বাঁধানো
বাঁধিয়া,বাঁধা
বাঁধিয়ে,বাঁধানো
বাইতে,বাওয়া
বাইলে,বাওয়া
বাইয়া,বাওয়া
বাওয়া,বাওয়া
বাকাইতে,বাকানো
বাকাইলে,বাকানো
বাকাইয়া,বাকানো
বাকাতে,বাকানো
বাকানো,বাকানো
বাকালে,বাকানো
বাকিয়ে,বাকানো
বাছতে,বাছা
বাছলে,বাছা
বাছা,বাছা
বাছিয়া,বাছা
বাজাইতে,বাজানো
বাজাইলে,বাজানো
বাজাইয়া,বাজানো
বাজাতে,বাজানো
বাজানো,বাজানো
বাজালে,বাজানো
বাজিয়ে,বাজানো
বাঝা,বাঝা
বাটতে,বাটা
বাটলে,বাটা
বাটা,বাটা
বাটাইতে,বাটানো
বাটাইলে,বাটানো
বাটাইয়া,বাটানো
বাটাতে,বাটানো
বাটানো,বাটানো
বাটালে,বাটানো
বাটিয়া,বাটা
বাটিয়ে,বাটানো
বাধতে,বাধা
বাধলে,বাধা
বাধা,বাধা
বাধাইতে,বাধানো
বাধাইলে,বাধানো
বাধাইয়া,বাধানো
বাধাতে,বাধানো
বাধানো,বাধানো
বাধালে,বাধানো
বাধিয়া,বাধা
বাধিয়ে,বাধানো
বানা,বানা
বানাইতে,বানানো
বানাইলে,বানানো
বানাইয়া,বানানো
বানাতে,বানানো
বানানো,বানানো
বানালে,বানানো
বানিয়ে,বানানো
বালাইতে,বালানো
বালাইলে,বালানো
বালাইয়া,বালানো
বালাতে,বালানো
বালানো,বালানো
বালালে,বালানো
বাসতে,বাসা
বাসলে,বাসা
বাসা,বাসা
বাসিয়া,বাসা
বাড়তে,বাড়া
বাড়লে,বাড়া
বাড়া,বাড়া
বাড়াইতে,বাড়ানো
বাড়াইলে,বাড়ানো
বাড়াইয়া,বাড়ানো
বাড়াতে,বাড়ানো
বাড়ানো,বাড়ানো
বাড়ালে,বাড়ানো
বাড়িয়া,বাড়া
বাড়িয়ে,বাড়ানো
বিকতে,বিকা
বিকলে,বিকা
বিকা,বিকা
বিকাইতে,বিকানো
বিকাইলে,বিকানো
বিকাইয়া,বিকানো
বিকাতে,বিকানো
বিকানো,বিকানো
বিকালে,বিকানো
বিকিয়া,বিকা
বিকিয়ে,বিকানো
বিকে,বিকা
বিছাইতে,বিছানো
বিছাইলে,বিছানো
বিছাইয়া,বিছানো
বিছাতে,বিছানো
বিছানো,বিছানো
বিছালে,বিছানো
বিছিয়ে,বিছানো
বিলাইতে,বিলানো
বিলাইলে,বিলানো
বিলাইয়া,বিলানো
বিলাতে,বিলানো
বিলানো,বিলানো
বিলালে,বিলানো
বিলিয়ে,বিলানো
বুজতে,বুজা
বুজতে,বোজা
বুজলে,বুজা
বুজলে,বোজা
বুজা,বুজা
বুজাইতে,বুজানো
বুজাইলে,বুজানো
বুজাইয়া,বুজানো
বুজাতে,বুজানো
বুজানো,বুজানো
বুজালে,বুজানো
বুজিয়া,বুজা
বুজিয়া,বোজা
বুজিয়ে,বুজানো
বুজে,বুজা
বুজে,বোজা
বুঝতে,বাঝা
বুঝলে,বাঝা
বুঝাইতে,বুঝানো
বুঝাইলে,বুঝানো
বুঝাইয়া,বুঝানো
বুঝাতে,বুঝানো
বুঝানো,বুঝানো
বুঝাবুনতে,বুঝাবুনা
বুঝাবুনলে,বুঝাবুনা
বুঝাবুনা,বুঝাবুনা
বুঝাবুনিয়া,বুঝাবুনা
বুঝাবুনে,বুঝাবুনা
বুঝালে,বুঝানো
বুঝিয়া,বাঝা
বুঝিয়ে,বুঝানো
বুঝে,বাঝা
বুনতে,বানা
বুনলে,বানা
বুনাইতে,বুনানো
বুনাইলে,বুনানো
বুনাইয়া,বুনানো
বুনাতে,বুনানো
বুনানো,বুনানো
বুনালে,বুনানো
বুনিয়া,বানা
বুনিয়ে,বানানো
বুনিয়ে,বুনানো
বুনে,বানা
বুলাইতে,বুলানো
বুলাইলে,বুলানো
বুলাইয়া,বুলানো
বুলাতে,বুলানো
বুলানো,বুলানো
বুলালে,বুলানো
বুলিয়ে,বালানো
বুলিয়ে,বুলানো
বেঁচে,বাঁচা
বেঁধে,বাঁধা
বেচতে,বেচা
বেচলে,বেচা
বেচা,বেচা
বেচিয়া,বেচা
বেচে,বেচা
বেছে,বাছা
বেটে,বাটা
বেতে,বাওয়া
বেধে,বাধা
বেলে,বাওয়া
বেসে,বাসা
বেড়াইতে,বেড়ানো
বেড়াইলে,বেড়ানো
বেড়াইয়া,বেড়ানো
বেড়াতে,বেড়ানো
বেড়ানো,বেড়ানো
বেড়ালে,বেড়ানো
বেড়িয়ে,বেড়ানো
বেড়ে,বাড়া
বেয়ে,বাওয়া
বোজা,বোজা
বোজাইতে,বোজানো
বোজাইলে,বোজানো
বোজাইয়া,বোজানো
বোজাতে,বোজানো
বোজানো,বোজানো
বোজালে,বোজানো
বোজিয়ে,বোজানো
বোঝাইতে,বোঝানো
বোঝাইলে,বোঝানো
বোঝাইয়া,বোঝানো
বোঝাতে,বোঝানো
বোঝানো,বোঝানো
বোঝালে,বোঝানো
বোঝিয়ে,বোঝানো
ভজতে,ভজা
ভজলে,ভজা
ভজা,ভজা
ভজিয়া,ভজা
ভজে,ভজা
ভরতে,ভরা
ভরলে,ভরা
ভরা,ভরা
ভরাইতে,ভরানো
ভরাইলে,ভরানো
ভরাইয়া,ভরানো
ভরাতে,ভরানো
ভরানো,ভরানো
ভরালে,ভরানো
ভরিয়া,ভরা
ভরিয়ে,ভরানো
ভরে,ভরা
ভাগতে,ভাগা
ভাগলে,ভাগা
ভাগা,ভাগা
ভাগাইতে,ভাগানো
ভাগাইলে,ভাগানো
ভাগাইয়া,ভাগানো
ভাগাতে,ভাগানো
ভাগানো,ভাগানো
ভাগালে,ভাগানো
ভাগিয়া,ভাগা
ভাগিয়ে,ভাগানো
ভাঙতে,ভাঙা
ভাঙলে,ভাঙা
ভাঙা,ভাঙা
ভাঙিয়া,ভাঙা
ভাজতে,ভাজা
ভাজলে,ভাজা
ভাজা,ভাজা
ভাজিয়া,ভাজা
ভানতে,ভানা
ভানলে,ভানা
ভানা,ভানা
ভানাইতে,ভানানো
ভানাইলে,ভানানো
ভানাইয়া,ভানানো
ভানাতে,ভানানো
ভানানো,ভানানো
ভানালে,ভানানো
ভানিয়া,ভানা
ভানিয়ে,ভানানো
ভাপাইতে,ভাপানো
ভাপাইলে,ভাপানো
ভাপাইয়া,ভাপানো
ভাপাতে,ভাপানো
ভাপানো,ভাপানো
ভাপালে,ভাপানো
ভাপিয়ে,ভাপানো
ভাবতে,ভাবা
ভাবলে,ভাবা
ভাবা,ভাবা
ভাবাইতে,ভাবানো
ভাবাইলে,ভাবানো
ভাবাইয়া,ভাবানো
ভাবাতে,ভাবানো
ভাবানো,ভাবানো
ভাবালে,ভাবানো
ভাবিয়া,ভাবা
ভাবিয়ে,ভাবানো
ভালা,ভালা
ভালাইতে,ভালানো
ভালাইলে,ভালানো
ভালাইয়া,ভালানো
ভালাতে,ভালানো
ভালানো,ভালানো
ভালালে,ভালানো
ভাসতে,ভাসা
ভাসলে,ভাসা
ভাসা,ভাসা
ভাসাইতে,ভাসানো
ভাসাইলে,ভাসানো
ভাসাইয়া,ভাসানো
ভাসাতে,ভাসানো
ভাসানো,ভাসানো
ভাসালে,ভাসানো
ভাসিয়া,ভাসা
ভাসিয়ে,ভাসানো
ভিজতে,ভিজা
ভিজতে,ভেজা
ভিজলে,ভিজা
ভিজলে,ভেজা
ভিজা,ভিজা
ভিজাইতে,ভিজানো
ভিজাইলে,ভিজানো
ভিজাইয়া,ভিজানো
ভিজাতে,ভিজানো
ভিজানো,ভিজানো
ভিজালে,ভিজানো
ভিজিয়া,ভিজা
ভিজিয়া,ভেজা
ভিজিয়ে,ভিজানো
ভিজে,ভিজা
ভিজে,ভেজা
ভিড়াইতে,ভিড়ানো
ভিড়াইলে,ভিড়ানো
ভিড়াইয়া,ভিড়ানো
ভিড়াতে,ভিড়ানো
ভিড়ানো,ভিড়ানো
ভিড়ামিশতে,ভিড়ামিশা
ভিড়ামিশলে,ভিড়ামিশা
ভিড়ামিশা,ভিড়ামিশা
ভিড়ামিশিয়া,ভিড়ামিশা
ভিড়ামিশে,ভিড়ামিশা
ভিড়ালে,ভিড়ানো
ভিড়িয়ে,ভিড়ানো
ভুগতে,ভুগা
ভুগলে,ভুগা
ভুগা,ভুগা
ভুগাইতে,ভুগানো
ভুগাইলে,ভুগানো
ভুগাইয়া,ভুগানো
ভুগাতে,ভুগানো
ভুগানো,ভুগানো
ভুগালে,ভুগানো
ভুগিয়া,ভুগা
ভুগিয়ে,ভাগানো
ভুগিয়ে,ভুগানো
ভুগে,ভুগা
ভুলতে,ভালা
ভুলতে,ভুলা
ভুললে,ভালা
ভুললে,ভুলা
ভুলা,ভুলা
ভুলাইতে,ভুলানো
ভুলাইলে,ভুলানো
ভুলাইয়া,ভুলানো
ভুলাতে,ভুলানো
ভুলানো,ভুলানো
ভুলালে,ভুলানো
ভুলিয়া,ভালা
ভুলিয়া,ভুলা
ভুলিয়ে,ভালানো
ভুলিয়ে,ভুলানো
ভুলে,ভালা
ভুলে,ভুলা
ভেগে,ভাগা
ভেঙে,ভাঙা
ভেজা,ভেজা
ভেজাইতে,ভেজানো
ভেজাইলে,ভেজানো
ভেজাইয়া,ভেজানো
ভেজাতে,ভেজানো
ভেজানো,ভেজানো
ভেজালে,ভেজানো
ভেজিয়ে,ভেজানো
ভেজে,ভাজা
ভেনে,ভানা
ভেবে,ভাবা
ভেসে,ভাসা
ভড়কাইতে,ভড়কানো
ভড়কাইলে,ভড়কানো
ভড়কাইয়া,ভড়কানো
ভড়কাতে,ভড়কানো
ভড়কানো,ভড়কানো
ভড়কালে,ভড়কানো
ভড়কিয়ে,ভড়কানো
মজতে,মজা
মজলে,মজা
মজা,মজা
মজাইতে,মজানো
মজাইলে,মজানো
মজাইয়া,মজানো
মজাতে,মজানো
মজানো,মজানো
মজালে,মজানো
মজিয়া,মজা
মজিয়ে,মজানো
মজে,মজা
মটকাইতে,মটকানো
মটকাইলে,মটকানো
মটকাইয়া,মটকানো
মটকাতে,মটকানো
মটকানো,মটকানো
মটকালে,মটকানো
মটকিয়ে,মটকানো
মরতে,মরা
মরলে,মরা
মরা,মরা
মরিয়া,মরা
মরে,মরা
মলতে,মলা
মললে,মলা
মলা,মলা
মলাইতে,মলানো
মলাইলে,মলানো
মলাইয়া,মলানো
মলাতে,মলানো
মলানো,মলানো
মলালে,মলানো
মলিয়া,মলা
মলিয়ে,মলানো
মলে,মলা
মাখতে,মাখা
মাখলে,মাখা
মাখা,মাখা
মাখাইতে,মাখানো
মাখাইলে,মাখানো
মাখাইয়া,মাখানো
মাখাতে,মাখানো
মাখানো,মাখানো
মাখালে,মাখানো
মাখিয়া,মাখা
মাখিয়ে,মাখানো
মাগতে,মাগা
মাগলে,মাগা
মাগা,মাগা
মাগিয়া,মাগা
মাছা,মাছা
মাজতে,মাজা
মাজলে,মাজা
মাজা,মাজা
মাজিয়া,মাজা
মাততে,মাতা
মাতলে,মাতা
মাতা,মাতা
মাতাইতে,মাতানো
মাতাইলে,মাতানো
মাতাইয়া,মাতানো
মাতাতে,মাতানো
মাতানো,মাতানো
মাতালে,মাতানো
মাতিয়া,মাতা
মাতিয়ে,মাতানো
মানতে,মানা
মানলে,মানা
মানা,মানা
মানাইতে,মানানো
মানাইলে,মানানো
মানাইয়া,মানানো
মানাতে,মানানো
মানানো,মানানো
মানালে,মানানো
মানিয়া,মানা
মানিয়ে,মানানো
মাপতে,মাপা
মাপলে,মাপা
মাপা,মাপা
মাপাইতে,মাপানো
মাপাইলে,মাপানো
মাপাইয়া,মাপানো
মাপাতে,মাপানো
মাপানো,মাপানো
মাপালে,মাপানো
মাপিয়া,মাপা
মাপিয়ে,মাপানো
মারতে,মারা
মারলে,মারা
মারা,মারা
মারিয়া,মারা
মিটাইতে,মিটানো
মিটাইলে,মিটানো
মিটাইয়া,মিটানো
মিটাতে,মিটানো
মিটানো,মিটানো
মিটালে,মিটানো
মিটিয়ে,মিটানো
মিলতে,মিলা
মিলতে,মেলা
মিললে,মিলা
মিললে,মেলা
মিলা,মিলা
মিলাইতে,মিলানো
মিলাইলে,মিলানো
মিলাইয়া,মিলানো
মিলাতে,মিলানো
মিলানো,মিলানো
মিলালে,মিলানো
মিলিয়া,মিলা
মিলিয়া,মেলা
মিলিয়ে,মিলানো
মিলে,মিলা
মিলে,মেলা
মিশতে,মেশা
মিশলে,মেশা
মিশাইতে,মিশানো
মিশাইলে,মিশানো
মিশাইয়া,মিশানো
মিশাতে,মিশানো
মিশানো,মিশানো
মিশালে,মিশানো
মিশিয়া,মেশা
মিশিয়ে,মিশানো
মিশে,মেশা
মুচড়াইতে,মুচড়ানো
মুচড়াইলে,মুচড়ানো
মুচড়াইয়া,মুচড়ানো
মুচড়াতে,মুচড়ানো
মুচড়ানো,মুচড়ানো
মুচড়ালে,মুচড়ানো
মুচড়িয়ে,মুচড়ানো
মুছতে,মাছা
মুছতে,মুছা
মুছতে,মোছা
মুছলে,মাছা
মুছলে,মুছা
মুছলে,মোছা
মুছা,মুছা
মুছাইতে,মুছানো
মুছাইলে,মুছানো
মুছাইয়া,মুছানো
মুছাতে,মুছানো
মুছানো,মুছানো
মুছালে,মুছানো
মুছিয়া,মাছা
মুছিয়া,মুছা
মুছিয়া,মোছা
মুছিয়ে,মুছানো
মুছে,মাছা
মুছে,মুছা
মুছে,মোছা
মুততে,মুতা
মুতলে,মুতা
মুতা,মুতা
মুতাইতে,মুতানো
মুতাইলে,মুতানো
মুতাইয়া,মুতানো
মুতাতে,মুতানো
মুতানো,মুতানো
মুতালে,মুতানো
মুতিয়া,মুতা
মুতিয়ে,মুতানো
মুতে,মুতা
মুড়তে,মুড়া
মুড়তে,মোড়া
মুড়লে,মুড়া
মুড়লে,মোড়া
মুড়া,মুড়া
মুড়াইতে,মুড়ানো
মুড়াইলে,মুড়ানো
মুড়াইয়া,মুড়ানো
মুড়াতে,মুড়ানো
মুড়ানো,মুড়ানো
মুড়ালে,মুড়ানো
মুড়িয়া,মুড়া
মুড়িয়া,মোড়া
মুড়িয়ে,মুড়ানো
মুড়ে,মুড়া
মুড়ে,মোড়া
মেখে,মাখা
মেগে,মাগা
মেজে,মাজা
মেটাইতে,মেটানো
মেটাইলে,মেটানো
মেটাইয়া,মেটানো
মেটাতে,মেটানো
মেটানো,মেটানো
মেটালে,মেটানো
মেটিয়ে,মেটানো
মেতে,মাতা
মেনে,মানা
মেপে,মাপা
মেরে,মারা
মেলা,মেলা
মেলাইতে,মেলানো
মেলাইলে,মেলানো
মেলাইয়া,মেলানো
মেলাতে,মেলানো
মেলানো,মেলানো
মেলালে,মেলানো
মেলিয়ে,মেলানো
মেশা,মেশা
মেশাইতে,মেশানো
মেশাইলে,মেশানো
মেশাইয়া,মেশানো
মেশাতে,মেশানো
মেশানো,মেশানো
মেশালে,মেশানো
মেশিয়ে,মেশানো
মোছা,মোছা
মোছাইতে,মোছানো
মোছাইলে,মোছানো
মোছাইয়া,মোছানো
মোছাতে,মোছানো
মোছানো,মোছানো
মোছালে,মোছানো
মোছিয়ে,মোছানো
মোড়া,মোড়া
মোড়াইতে,মোড়ানো
মোড়াইলে,মোড়ানো
মোড়াইয়া,মোড়ানো
মোড়াতে,মোড়ানো
মোড়ানো,মোড়ানো
মোড়ালে,মোড়ানো
মোড়িয়ে,মোড়ানো
যাইতে,যাওয়া
যাইয়া,যাওয়া
যাওয়া,যাওয়া
যাচতে,যাচা
যাচলে,যাচা
যাচা,যাচা
যাচাইতে,যাচানো
যাচাইলে,যাচানো
যাচাইয়া,যাচানো
যাচাতে,যাচানো
যাচানো,যাচানো
যাচালে,যাচানো
যাচিয়া,যাচা
যাচিয়ে,যাচানো
যেচে,যাচা
যেতে,যাওয়া
রইতে,রওয়া
রইলে,রওয়া
রইয়া,রওয়া
রওয়া,রওয়া
রওয়াইতে,রওয়ানো
রওয়াইলে,রওয়ানো
রওয়াইয়া,রওয়ানো
রওয়াতে,রওয়ানো
রওয়ানো,রওয়ানো
রওয়ালে,রওয়ানো
রওয়িয়ে,রওয়ানো
রটতে,রটা
রটলে,রটা
রটা,রটা
রটাইতে,রটানো
রটাইলে,রটানো
রটাইয়া,রটানো
রটাতে,রটানো
রটানো,রটানো
রটালে,রটানো
রটিয়া,রটা
রটিয়ে,রটানো
রটে,রটা
রসতে,রসা
রসলে,রসা
রসা,রসা
রসাইতে,রসানো
রসাইলে,রসানো
রসাইয়া,রসানো
রসাতে,রসানো
রসানো,রসানো
রসালে,রসানো
রসিয়া,রসা
রসিয়ে,রসানো
রসে,রসা
রহতে,রহা
রহলে,রহা
রহা,রহা
রহাইতে,রহানো
রহাইলে,রহানো
রহাইয়া,রহানো
রহাতে,রহানো
রহানো,রহানো
রহালে,রহানো
রহিয়া,রহা
রহিয়ে,রহানো
রহে,রহা
রাঁধতে,রাঁধা
রাঁধলে,রাঁধা
রাঁধা,রাঁধা
রাঁধিয়া,রাঁধা
রাখতে,রাখা
রাখলে,রাখা
রাখা,রাখা
রাখিয়া,রাখা
রাগতে,রাগা
রাগলে,রাগা
রাগা,রাগা
রাগাইতে,রাগানো
রাগাইলে,রাগানো
রাগাইয়া,রাগানো
রাগাতে,রাগানো
রাগানো,রাগানো
রাগালে,রাগানো
রাগিয়া,রাগা
রাগিয়ে,রাগানো
রাধতে,রাধা
রাধলে,রাধা
রাধা,রাধা
রাধিয়া,রাধা
রুখতে,রুখা
রুখলে,রুখা
রুখা,রুখা
রুখাইতে,রুখানো
রুখাইলে,রুখানো
রুখাইয়া,রুখানো
রুখাতে,রুখানো
রুখানো,রুখানো
রুখালে,রুখানো
রুখিয়া,রুখা
রুখিয়ে,রুখানো
রুখে,রুখা
রুপতে,রোপা
রুপলে,রোপা
রুপিয়া,রোপা
রুপে,রোপা
রেঁধে,রাঁধা
রেখে,রাখা
রেগে,রাগা
রেতে,রওয়া
রেধে,রাধা
রেলে,রওয়া
রোপা,রোপা
রোপাইতে,রোপানো
রোপাইলে,রোপানো
রোপাইয়া,রোপানো
রোপাতে,রোপানো
রোপানো,রোপানো
রোপালে,রোপানো
রোপিয়ে,রোপানো
রয়াইতে,রয়ানো
রয়াইলে,রয়ানো
রয়াইয়া,রয়ানো
রয়াতে,রয়ানো
রয়ানো,রয়ানো
রয়ালে,রয়ানো
রয়িয়ে,রয়ানো
রয়ে,রওয়া
লইতে,লওয়া
লইলে,লওয়া
লইয়া,লওয়া
লওয়া,লওয়া
লওয়াইতে,লওয়ানো
লওয়াইলে,লওয়ানো
লওয়াইয়া,লওয়ানো
লওয়াতে,লওয়ানো
লওয়ানো,লওয়ানো
লওয়ালে,লওয়ানো
লওয়িয়ে,লওয়ানো
লটকতে,লটকা
লটকলে,লটকা
লটকা,লটকা
লটকাইতে,লটকানো
লটকাইলে,লটকানো
লটকাইয়া,লটকানো
লটকাতে,লটকানো
লটকানো,লটকানো
লটকালে,লটকানো
লটকিয়া,লটকা
লটকিয়ে,লটকানো
লটকে,লটকা
লাগতে,লাগা
লাগলে,লাগা
লাগা,লাগা
লাগাইতে,লাগানো
লাগাইলে,লাগানো
লাগাইয়া,লাগানো
লাগাতে,লাগানো
লাগানো,লাগানো
লাগালে,লাগানো
লাগিয়া,লাগা
লাগিয়ে,লাগানো
লাফাইতে,লাফানো
লাফাইলে,লাফানো
লাফাইয়া,লাফানো
লাফাতে,লাফানো
লাফানো,লাফানো
লাফালে,লাফানো
লাফিয়ে,লাফানো
লিখতে,লিখা
লিখতে,লেখা
লিখলে,লিখা
লিখলে,লেখা
লিখা,লিখা
লিখাইতে,লিখানো
লিখাইলে,লিখানো
লিখাইয়া,লিখানো
লিখাতে,লিখানো
লিখানো,লিখানো
লিখালে,লিখানো
লিখিয়া,লিখা
লিখিয়া,লেখা
লিখিয়ে,লিখানো
লিখে,লিখা
লিখে,লেখা
লুকাইতে,লুকানো
লুকাইলে,লুকানো
লুকাইয়া,লুকানো
লুকাতে,লুকানো
লুকানো,লুকানো
লুকালে,লুকানো
লুকিয়ে,লুকানো
লুটাইতে,লুটানো
লুটাইলে,লুটানো
লুটাইয়া,লুটানো
লুটাতে,লুটানো
লুটানো,লুটানো
লুটালে,লুটানো
লুটিয়ে,লুটানো
লুফতে,লুফা
লুফলে,লুফা
লুফা,লুফা
লুফাইতে,লুফানো
লুফাইলে,লুফানো
লুফাইয়া,লুফানো
লুফাতে,লুফানো
লুফানো,লুফানো
লুফালে,লুফানো
লুফিয়া,লুফা
লুফিয়ে,লুফানো
লুফে,লুফা
লেখা,লেখা
লেখাইতে,লেখানো
লেখাইলে,লেখানো
লেখাইয়া,লেখানো
লেখাতে,লেখানো
লেখানো,লেখানো
লেখালে,লেখানো
লেখিয়ে,লেখানো
লেগে,লাগা
লেতে,লওয়া
লেলে,লওয়া
লড়তে,লড়া
লড়লে,লড়া
লড়া,লড়া
লড়াইতে,লড়ানো
লড়াইলে,লড়ানো
লড়াইয়া,লড়ানো
লড়াতে,লড়ানো
লড়ানো,লড়ানো
লড়ালে,লড়ানো
লড়িয়া,লড়া
লড়িয়ে,লড়ানো
লড়ে,লড়া
লয়ে,লওয়া
শাধরাইতে,শাধরানো
শাধরাইলে,শাধরানো
শাধরাইয়া,শাধরানো
শাধরাতে,শাধরানো
শাধরানো,শাধরানো
শাধরালে,শাধরানো
শানা,শানা
শানাইতে,শানানো
শানাইলে,শানানো
শানাইয়া,শানানো
শানাকশতে,শানাকশা
শানাকশলে,শানাকশা
শানাকশা,শানাকশা
শানাকশিয়া,শানাকশা
শানাতে,শানানো
শানানো,শানানো
শানালে,শানানো
শানিয়ে,শানানো
শায়াইতে,শায়ানো
শায়াইলে,শায়ানো
শায়াইয়া,শায়ানো
শায়াতে,শায়ানো
শায়ানো,শায়ানো
শায়ালে,শায়ানো
শিখতে,শেখা
শিখলে,শেখা
শিখিয়া,শেখা
শিখে,শেখা
শুইয়া,শোয়া
শুইয়ে,শায়ানো
শুকাইতে,শুকানো
শুকাইলে,শুকানো
শুকাইয়া,শুকানো
শুকাতে,শুকানো
শুকানো,শুকানো
শুকালে,শুকানো
শুকিয়ে,শুকানো
শুতে,শোয়া
শুধাইতে,শুধানো
শুধাইলে,শুধানো
শুধাইয়া,শুধানো
শুধাতে,শুধানো
শুধানো,শুধানো
শুধালে,শুধানো
শুধিয়ে,শাধরানো
শুধিয়ে,শুধানো
শুনতে,শানা
শুনতে,শুনা
শুনলে,শানা
শুনলে,শুনা
শুনা,শুনা
শুনাইতে,শুনানো
শুনাইলে,শুনানো
শুনাইয়া,শুনানো
শুনাতে,শুনানো
শুনানো,শুনানো
শুনালে,শুনানো
শুনিয়া,শানা
শুনিয়া,শুনা
শুনিয়ে,শানানো
শুনিয়ে,শুনানো
শুনে,শানা
শুনে,শুনা
শুলে,শোয়া
শুষতে,শুষা
শুষলে,শুষা
শুষা,শুষা
শুষাইতে,শুষানো
শুষাইলে,শুষানো
শুষাইয়া,শুষানো
শুষাতে,শুষানো
শুষানো,শুষানো
শুষালে,শুষানো
শুষিয়া,শুষা
শুষিয়ে,শুষানো
শুষে,শুষা
শুয়াইতে,শুয়ানো
শুয়াইলে,শুয়ানো
শুয়াইয়া,শুয়ানো
শুয়াতে,শুয়ানো
শুয়ানো,শুয়ানো
শুয়ালে,শুয়ানো
শুয়িয়ে,শুয়ানো
শুয়ে,শোয়া
শেখা,শেখা
শেখাইতে,শেখানো
শেখাইলে,শেখানো
শেখাইয়া,শেখানো
শেখাতে,শেখানো
শেখানো,শেখানো
শেখালে,শেখানো
শেখিয়ে,শেখানো
শেনাকশে,শানাকশা
শোধাইতে,শোধানো
শোধাইলে,শোধানো
শোধাইয়া,শোধানো
শোধাতে,শোধানো
শোধানো,শোধানো
শোধালে,শোধানো
শোধিয়ে,শোধানো
শোয়া,শোয়া
সঁপতে,সঁপা
সঁপলে,সঁপা
সঁপা,সঁপা
সঁপাইতে,সঁপানো
সঁপাইলে,সঁপানো
সঁপাইয়া,সঁপানো
সঁপাতে,সঁপানো
সঁপানো,সঁপানো
সঁপালে,সঁপানো
সঁপিয়া,সঁপা
সঁপিয়ে,সঁপানো
সঁপে,সঁপা
সইতে,সওয়া
সইলে,সওয়া
সইয়া,সওয়া
সওয়া,সওয়া
সওয়াইতে,সওয়ানো
সওয়াইলে,সওয়ানো
সওয়াইয়া,সওয়ানো
সওয়াতে,সওয়ানো
সওয়ানো,সওয়ানো
সওয়ালে,সওয়ানো
সওয়িয়ে,সওয়ানো
সটকতে,সটকা
সটকলে,সটকা
সটকা,সটকা
সটকাইতে,সটকানো
সটকাইলে,সটকানো
সটকাইয়া,সটকানো
সটকাতে,সটকানো
সটকানো,সটকানো
সটকালে,সটকানো
সটকিয়া,সটকা
সটকিয়ে,সটকানো
সটকে,সটকা
সপতে,সপা
সপলে,সপা
সপা,সপা
সপাইতে,সপানো
সপাইলে,সপানো
সপাইয়া,সপানো
সপাতে,সপানো
সপানো,সপানো
সপালে,সপানো
সপিয়া,সপা
সপিয়ে,সপানো
সপে,সপা
সরতে,সরা
সরলে,সরা
সরা,সরা
সরাইতে,সরানো
সরাইলে,সরানো
সরাইয়া,সরানো
সরাতে,সরানো
সরানো,সরানো
সরালে,সরানো
সরিয়া,সরা
সরিয়ে,সরানো
সরে,সরা
সহতে,সহা
সহলে,সহা
সহা,সহা
সহাইতে,সহানো
সহাইলে,সহানো
সহাইয়া,সহানো
সহাতে,সহানো
সহানো,সহানো
সহালে,সহানো
সহিয়া,সহা
সহিয়ে,সহানো
সহে,সহা
সাজতে,সাজা
সাজলে,সাজা
সাজা,সাজা
সাজাইতে,সাজানো
সাজাইলে,সাজানো
সাজাইয়া,সাজানো
সাজাতে,সাজানো
সাজানো,সাজানো
সাজালে,সাজানো
সাজিয়া,সাজা
সাজিয়ে,সাজানো
সাধতে,সাধা
সাধলে,সাধা
সাধা,সাধা
সাধাইতে,সাধানো
সাধাইলে,সাধানো
সাধাইয়া,সাধানো
সাধাতে,সাধানো
সাধানো,সাধানো
সাধালে,সাধানো
সাধিয়া,সাধা
সাধিয়ে,সাধানো
সামলাইতে,সামলানো
সামলাইলে,সামলানো
সামলাইয়া,সামলানো
সামলাতে,সামলানো
সামলানো,সামলানো
সামলালে,সামলানো
সামলিয়ে,সামলানো
সেঁচতে,সেঁচা
সেঁচলে,সেঁচা
সেঁচা,সেঁচা
সেঁচাইতে,সেঁচানো
সেঁচাইলে,সেঁচানো
সেঁচাইয়া,সেঁচানো
সেঁচাতে,সেঁচানো
সেঁচানো,সেঁচানো
সেঁচালে,সেঁচানো
সেঁচিয়া,সেঁচা
সেঁচিয়ে,সেঁচানো
সেঁচে,সেঁচা
সেকতে,সেকা
সেকলে,সেকা
সেকা,সেকা
সেকাইতে,সেকানো
সেকাইলে,সেকানো
সেকাইয়া,সেকানো
সেকাতে,সেকানো
সেকানো,সেকানো
সেকালে,সেকানো
সেকিয়া,সেকা
সেকিয়ে,সেকানো
সেকে,সেকা
সেচতে,সেচা
সেচলে,সেচা
সেচা,সেচা
সেচাইতে,সেচানো
সেচাইলে,সেচানো
সেচাইয়া,সেচানো
সেচাতে,সেচানো
সেচানো,সেচানো
সেচালে,সেচানো
সেচিয়া,সেচা
সেচিয়ে,সেচানো
সেচে,সেচা
সেজে,সাজা
সেতে,সওয়া
সেধে,সাধা
সেলে,সওয়া
সয়ে,সওয়া
হইতে,হওয়া
হইলে,হওয়া
হইয়া,হওয়া
হওয়া,হওয়া
হওয়াইতে,হওয়ানো
হওয়াইলে,হওয়ানো
হওয়াইয়া,হওয়ানো
হওয়াতে,হওয়ানো
হওয়ানো,হওয়ানো
হওয়ালে,হওয়ানো
হওয়িয়ে,হওয়ানো
হটতে,হটা
হটলে,হটা
হটা,হটা
হটাইতে,হটানো
হটাইলে,হটানো
হটাইয়া,হটানো
হটাতে,হটানো
হটানো,হটানো
হটালে,হটানো
হটিয়া,হটা
হটিয়ে,হটানো
হটে,হটা
হরতে,হরা
হরলে,হরা
হরা,হরা
হরাইতে,হরানো
হরাইলে,হরানো
হরাইয়া,হরানো
হরাতে,হরানো
হরানো,হরানো
হরালে,হরানো
হরিয়া,হরা
হরিয়ে,হরানো
হরে,হরা
হাঁকতে,হাঁকা
হাঁকলে,হাঁকা
হাঁকা,হাঁকা
হাঁকাইতে,হাঁকানো
হাঁকাইলে,হাঁকানো
হাঁকাইয়া,হাঁকানো
হাঁকাতে,হাঁকানো
হাঁকানো,হাঁকানো
হাঁকালে,হাঁকানো
হাঁকিয়া,হাঁকা
হাঁকিয়ে,হাঁকানো
হাঁচতে,হাঁচা
হাঁচলে,হাঁচা
হাঁচা,হাঁচা
হাঁচিয়া,হাঁচা
হাঁটতে,হাঁটা
হাঁটলে,হাঁটা
হাঁটা,হাঁটা
হাঁটিয়া,হাঁটা
হাকতে,হাকা
হাকলে,হাকা
হাকা,হাকা
হাকাইতে,হাকানো
হাকাইলে,হাকানো
হাকাইয়া,হাকানো
হাকাতে,হাকানো
হাকানো,হাকানো
হাকালে,হাকানো
হাকিয়া,হাকা
হাকিয়ে,হাকানো
হাচতে,হাচা
হাচলে,হাচা
হাচা,হাচা
হাচিয়া,হাচা
হাটতে,হাটা
হাটলে,হাটা
হাটা,হাটা
হাটিয়া,হাটা
হাতাইতে,হাতানো
হাতাইলে,হাতানো
হাতাইয়া,হাতানো
হাতাতে,হাতানো
হাতানো,হাতানো
হাতালে,হাতানো
হাতিয়ে,হাতানো
হাতড়াইতে,হাতড়ানো
হাতড়াইলে,হাতড়ানো
হাতড়াইয়া,হাতড়ানো
হাতড়াতে,হাতড়ানো
হাতড়ানো,হাতড়ানো
হাতড়ালে,হাতড়ানো
হাতড়িয়ে,হাতড়ানো
হানতে,হানা
হানলে,হানা
হানা,হানা
হানাইতে,হানানো
হানাইলে,হানানো
হানাইয়া,হানানো
হানাতে,হানানো
হানানো,হানানো
হানালে,হানানো
হানিয়া,হানা
হানিয়ে,হানানো
হারতে,হারা
হারলে,হারা
হারা,হারা
হারাইতে,হারানো
হারাইলে,হারানো
হারাইয়া,হারানো
হারাতে,হারানো
হারানো,হারানো
হারালে,হারানো
হারিয়া,হারা
হারিয়ে,হারানো
হাসতে,হাসা
হাসলে,হাসা
হাসা,হাসা
হাসাইতে,হাসানো
হাসাইলে,হাসানো
হাসাইয়া,হাসানো
হাসাতে,হাসানো
হাসানো,হাসানো
হাসালে,হাসানো
হাসিয়া,হাসা
হাসিয়ে,হাসানো
হেঁকে,হাঁকা
হেঁচে,হাঁচা
হেঁটে,হাঁটা
হেকে,হাকা
হেচে,হাচা
হেটে,হাটা
হেতে,হওয়া
হেনে,হানা
হেরে,হারা
হেলতে,হেলা
হেললে,হেলা
হেলা,হেলা
হেলাইতে,হেলানো
হেলাইলে,হেলানো
হেলাইয়া,হেলানো
হেলাতে,হেলানো
হেলানো,হেলানো
হেলালে,হেলানো
হেলিয়া,হেলা
হেলিয়ে,হেলানো
হেলে,হওয়া
হেলে,হেলা
হেসে,হাসা
হয়ে,হওয়া
